1,2,26.02
2,1,26.02
1,3,22.91
3,1,22.91
1,4,21.16
4,1,21.16
1,5,21.52
5,1,21.52
1,6,19.26
6,1,19.26
1,7,15.55
7,1,15.55
1,8,18.54
8,1,18.54
1,9,12.42
9,1,12.42
1,10,12.40
10,1,12.40
1,11,14.74
11,1,14.74
1,12,13.29
12,1,13.29
1,13,16.82
13,1,16.82
1,14,14.46
14,1,14.46
1,15,15.23
15,1,15.23
1,16,16.31
16,1,16.31
1,17,14.52
17,1,14.52
1,18,17.73
18,1,17.73
1,19,17.89
19,1,17.89
1,20,21.04
20,1,21.04
1,21,18.88
21,1,18.88
1,22,17.50
22,1,17.50
1,23,18.57
23,1,18.57
1,24,19.04
24,1,19.04
1,25,22.72
25,1,22.72
1,26,15.66
26,1,15.66
1,27,15.79
27,1,15.79
1,28,17.27
28,1,17.27
1,29,12.38
29,1,12.38
1,30,12.19
30,1,12.19
1,31,12.04
31,1,12.04
1,32,13.30
32,1,13.30
1,33,14.72
33,1,14.72
1,34,14.89
34,1,14.89
1,35,10.92
35,1,10.92
1,36,10.87
36,1,10.87
1,37,10.94
37,1,10.94
1,38,8.34
38,1,8.34
1,39,9.69
39,1,9.69
1,40,9.73
40,1,9.73
1,41,7.31
41,1,7.31
1,42,8.52
42,1,8.52
1,43,8.29
43,1,8.29
1,44,5.78
44,1,5.78
1,45,5.83
45,1,5.83
1,46,5.30
46,1,5.30
1,47,6.87
47,1,6.87
1,48,9.10
48,1,9.10
1,49,5.58
49,1,5.58
1,50,6.41
50,1,6.41
1,51,7.63
51,1,7.63
1,52,11.61
52,1,11.61
1,53,11.84
53,1,11.84
1,54,9.90
54,1,9.90
1,55,4.63
55,1,4.63
1,56,4.61
56,1,4.61
1,57,1.96
57,1,1.96
1,58,2.29
58,1,2.29
1,59,2.54
59,1,2.54
1,60,13.78
60,1,13.78
1,61,9.99
61,1,9.99
1,62,2.42
62,1,2.42
1,63,5.39
63,1,5.39
1,64,4.06
64,1,4.06
1,65,4.29
65,1,4.29
1,66,11.88
66,1,11.88
1,67,14.02
67,1,14.02
1,68,15.11
68,1,15.11
1,69,15.65
69,1,15.65
1,70,17.89
70,1,17.89
1,71,17.85
71,1,17.85
1,72,23.93
72,1,23.93
1,73,24.25
73,1,24.25
1,74,33.03
74,1,33.03
1,75,26.46
75,1,26.46
1,76,29.92
76,1,29.92
1,77,35.50
77,1,35.50
1,78,21.77
78,1,21.77
1,79,22.99
79,1,22.99
1,80,17.59
80,1,17.59
1,81,21.87
81,1,21.87
2,3,5.80
3,2,5.80
2,4,8.31
4,2,8.31
2,5,8.21
5,2,8.21
2,6,7.74
6,2,7.74
2,7,11.23
7,2,11.23
2,8,10.66
8,2,10.66
2,9,15.03
9,2,15.03
2,10,14.88
10,2,14.88
2,11,13.08
11,2,13.08
2,12,14.23
12,2,14.23
2,13,10.41
13,2,10.41
2,14,11.91
14,2,11.91
2,15,12.95
15,2,12.95
2,16,9.64
16,2,9.64
2,17,11.39
17,2,11.39
2,18,9.11
18,2,9.11
2,19,8.37
19,2,8.37
2,20,8.83
20,2,8.83
2,21,15.11
21,2,15.11
2,22,13.18
22,2,13.18
2,23,10.42
23,2,10.42
2,24,15.23
24,2,15.23
2,25,13.39
25,2,13.39
2,26,11.79
26,2,11.79
2,27,16.59
27,2,16.59
2,28,17.47
28,2,17.47
2,29,17.64
29,2,17.64
2,30,19.17
30,2,19.17
2,31,18.26
31,2,18.26
2,32,19.89
32,2,19.89
2,33,18.52
33,2,18.52
2,34,16.23
34,2,16.23
2,35,19.21
35,2,19.21
2,36,19.72
36,2,19.72
2,37,19.22
37,2,19.22
2,38,18.36
38,2,18.36
2,39,19.32
39,2,19.32
2,40,17.12
40,2,17.12
2,41,20.46
41,2,20.46
2,42,20.90
42,2,20.90
2,43,20.87
43,2,20.87
2,44,24.00
44,2,24.00
2,45,23.06
45,2,23.06
2,46,20.73
46,2,20.73
2,47,20.90
47,2,20.90
2,48,21.31
48,2,21.31
2,49,20.66
49,2,20.66
2,50,21.39
50,2,21.39
2,51,19.56
51,2,19.56
2,52,17.00
52,2,17.00
2,53,17.23
53,2,17.23
2,54,18.38
54,2,18.38
2,55,21.85
55,2,21.85
2,56,23.64
56,2,23.64
2,57,24.38
57,2,24.38
2,58,29.49
58,2,29.49
2,59,25.39
59,2,25.39
2,60,42.71
60,2,42.71
2,61,33.55
61,2,33.55
2,62,36.22
62,2,36.22
2,63,33.77
63,2,33.77
2,64,30.39
64,2,30.39
2,65,34.61
65,2,34.61
2,66,22.80
66,2,22.80
2,67,21.59
67,2,21.59
2,68,26.00
68,2,26.00
2,69,20.48
69,2,20.48
2,70,27.43
70,2,27.43
2,71,18.39
71,2,18.39
2,72,11.53
72,2,11.53
2,73,11.21
73,2,11.21
2,74,14.10
74,2,14.10
2,75,15.28
75,2,15.28
2,76,17.25
76,2,17.25
2,77,27.55
77,2,27.55
2,78,22.00
78,2,22.00
2,79,23.52
79,2,23.52
2,80,23.31
80,2,23.31
2,81,22.88
81,2,22.88
3,4,3.22
4,3,3.22
3,5,7.48
5,3,7.48
3,6,9.26
6,3,9.26
3,7,10.48
7,3,10.48
3,8,10.53
8,3,10.53
3,9,11.42
9,3,11.42
3,10,11.27
10,3,11.27
3,11,9.73
11,3,9.73
3,12,11.06
12,3,11.06
3,13,7.67
13,3,7.67
3,14,12.88
14,3,12.88
3,15,8.75
15,3,8.75
3,16,8.25
16,3,8.25
3,17,9.09
17,3,9.09
3,18,8.97
18,3,8.97
3,19,7.38
19,3,7.38
3,20,3.83
20,3,3.83
3,21,7.90
21,3,7.90
3,22,6.22
22,3,6.22
3,23,6.60
23,3,6.60
3,24,9.05
24,3,9.05
3,25,8.08
25,3,8.08
3,26,9.05
26,3,9.05
3,27,11.55
27,3,11.55
3,28,17.08
28,3,17.08
3,29,15.82
29,3,15.82
3,30,15.41
30,3,15.41
3,31,13.52
31,3,13.52
3,32,15.48
32,3,15.48
3,33,17.11
33,3,17.11
3,34,12.41
34,3,12.41
3,35,18.68
35,3,18.68
3,36,18.45
36,3,18.45
3,37,18.69
37,3,18.69
3,38,18.29
38,3,18.29
3,39,15.79
39,3,15.79
3,40,15.65
40,3,15.65
3,41,21.39
41,3,21.39
3,42,19.66
42,3,19.66
3,43,16.75
43,3,16.75
3,44,19.95
44,3,19.95
3,45,19.25
45,3,19.25
3,46,19.33
46,3,19.33
3,47,20.94
47,3,20.94
3,48,20.26
48,3,20.26
3,49,20.19
49,3,20.19
3,50,21.44
50,3,21.44
3,51,19.60
51,3,19.60
3,52,20.00
52,3,20.00
3,53,19.11
53,3,19.11
3,54,21.62
54,3,21.62
3,55,23.60
55,3,23.60
3,56,23.75
56,3,23.75
3,57,25.91
57,3,25.91
3,58,26.23
58,3,26.23
3,59,23.44
59,3,23.44
3,60,35.76
60,3,35.76
3,61,28.74
61,3,28.74
3,62,27.28
62,3,27.28
3,63,23.43
63,3,23.43
3,64,26.50
64,3,26.50
3,65,24.23
65,3,24.23
3,66,16.12
66,3,16.12
3,67,14.65
67,3,14.65
3,68,17.74
68,3,17.74
3,69,16.66
69,3,16.66
3,70,23.61
70,3,23.61
3,71,14.58
71,3,14.58
3,72,6.39
72,3,6.39
3,73,6.07
73,3,6.07
3,74,10.40
74,3,10.40
3,75,8.99
75,3,8.99
3,76,15.65
76,3,15.65
3,77,24.71
77,3,24.71
3,78,16.69
78,3,16.69
3,79,18.42
79,3,18.42
3,80,18.29
80,3,18.29
3,81,17.77
81,3,17.77
4,5,3.10
5,4,3.10
4,6,4.88
6,4,4.88
4,7,9.09
7,4,9.09
4,8,9.14
8,4,9.14
4,9,13.73
9,4,13.73
4,10,13.59
10,4,13.59
4,11,11.78
11,4,11.78
4,12,13.37
12,4,13.37
4,13,9.70
13,4,9.70
4,14,11.87
14,4,11.87
4,15,10.78
15,4,10.78
4,16,6.86
16,4,6.86
4,17,7.75
17,4,7.75
4,18,7.59
18,4,7.59
4,19,5.99
19,4,5.99
4,20,3.93
20,4,3.93
4,21,8.19
21,4,8.19
4,22,7.96
22,4,7.96
4,23,6.89
23,4,6.89
4,24,8.54
24,4,8.54
4,25,8.12
25,4,8.12
4,26,11.36
26,4,11.36
4,27,11.04
27,4,11.04
4,28,16.58
28,4,16.58
4,29,15.32
29,4,15.32
4,30,14.90
30,4,14.90
4,31,17.60
31,4,17.60
4,32,14.97
32,4,14.97
4,33,16.60
33,4,16.60
4,34,12.44
34,4,12.44
4,35,18.17
35,4,18.17
4,36,17.95
36,4,17.95
4,37,18.19
37,4,18.19
4,38,20.61
38,4,20.61
4,39,18.11
39,4,18.11
4,40,17.97
40,4,17.97
4,41,24.63
41,4,24.63
4,42,19.45
42,4,19.45
4,43,19.07
43,4,19.07
4,44,19.73
44,4,19.73
4,45,19.61
45,4,19.61
4,46,21.64
46,4,21.64
4,47,22.71
47,4,22.71
4,48,22.57
48,4,22.57
4,49,22.50
49,4,22.50
4,50,23.21
50,4,23.21
4,51,21.37
51,4,21.37
4,52,18.66
52,4,18.66
4,53,17.77
53,4,17.77
4,54,20.62
54,4,20.62
4,55,25.91
55,4,25.91
4,56,26.06
56,4,26.06
4,57,27.57
57,4,27.57
4,58,27.89
58,4,27.89
4,59,25.08
59,4,25.08
4,60,35.26
60,4,35.26
4,61,29.03
61,4,29.03
4,62,27.06
62,4,27.06
4,63,22.93
63,4,22.93
4,64,25.99
64,4,25.99
4,65,23.72
65,4,23.72
4,66,15.62
66,4,15.62
4,67,14.94
67,4,14.94
4,68,18.03
68,4,18.03
4,69,16.85
69,4,16.85
4,70,23.80
70,4,23.80
4,71,14.76
71,4,14.76
4,72,8.17
72,4,8.17
4,73,7.86
73,4,7.86
4,74,12.23
74,4,12.23
4,75,10.78
75,4,10.78
4,76,17.44
76,4,17.44
4,77,23.62
77,4,23.62
4,78,16.88
78,4,16.88
4,79,18.60
79,4,18.60
4,80,18.47
80,4,18.47
4,81,17.95
81,4,17.95
5,6,1.95
6,5,1.95
5,7,6.16
7,5,6.16
5,8,6.20
8,5,6.20
5,9,8.36
9,5,8.36
5,10,8.21
10,5,8.21
5,11,6.69
11,5,6.69
5,12,8.00
12,5,8.00
5,13,4.61
13,5,4.61
5,14,7.06
14,5,7.06
5,15,5.69
15,5,5.69
5,16,3.92
16,5,3.92
5,17,5.28
17,5,5.28
5,18,4.65
18,5,4.65
5,19,3.05
19,5,3.05
5,20,3.51
20,5,3.51
5,21,4.96
21,5,4.96
5,22,3.16
22,5,3.16
5,23,5.71
23,5,5.71
5,24,5.21
24,5,5.21
5,25,8.67
25,5,8.67
5,26,5.99
26,5,5.99
5,27,7.74
27,5,7.74
5,28,9.16
28,5,9.16
5,29,9.33
29,5,9.33
5,30,10.33
30,5,10.33
5,31,10.46
31,5,10.46
5,32,10.13
32,5,10.13
5,33,10.75
33,5,10.75
5,34,12.18
34,5,12.18
5,35,11.44
35,5,11.44
5,36,11.95
36,5,11.95
5,37,11.46
37,5,11.46
5,38,15.23
38,5,15.23
5,39,12.73
39,5,12.73
5,40,12.59
40,5,12.59
5,41,18.33
41,5,18.33
5,42,13.38
42,5,13.38
5,43,13.69
43,5,13.69
5,44,15.47
44,5,15.47
5,45,16.19
45,5,16.19
5,46,16.26
46,5,16.26
5,47,17.91
47,5,17.91
5,48,17.19
48,5,17.19
5,49,17.12
49,5,17.12
5,50,18.40
50,5,18.40
5,51,16.57
51,5,16.57
5,52,13.98
52,5,13.98
5,53,12.22
53,5,12.22
5,54,13.37
54,5,13.37
5,55,20.54
55,5,20.54
5,56,20.68
56,5,20.68
5,57,22.84
57,5,22.84
5,58,23.17
58,5,23.17
5,59,20.38
59,5,20.38
5,60,35.47
60,5,35.47
5,61,28.61
61,5,28.61
5,62,20.59
62,5,20.59
5,63,25.93
63,5,25.93
5,64,23.15
64,5,23.15
5,65,26.76
65,5,26.76
5,66,12.79
66,5,12.79
5,67,12.60
67,5,12.60
5,68,15.69
68,5,15.69
5,69,14.51
69,5,14.51
5,70,23.70
70,5,23.70
5,71,14.20
71,5,14.20
5,72,10.06
72,5,10.06
5,73,9.74
73,5,9.74
5,74,15.16
74,5,15.16
5,75,12.66
75,5,12.66
5,76,19.32
76,5,19.32
5,77,23.90
77,5,23.90
5,78,21.26
78,5,21.26
5,79,20.85
79,5,20.85
5,80,20.33
80,5,20.33
5,81,22.33
81,5,22.33
6,7,3.51
7,6,3.51
6,8,2.95
8,6,2.95
6,9,7.17
9,6,7.17
6,10,7.03
10,6,7.03
6,11,5.22
11,6,5.22
6,12,6.38
12,6,6.38
6,13,3.29
13,6,3.29
6,14,4.05
14,6,4.05
6,15,5.09
15,6,5.09
6,16,1.79
16,6,1.79
6,17,3.53
17,6,3.53
6,18,1.39
18,6,1.39
6,19,1.28
19,6,1.28
6,20,5.31
20,6,5.31
6,21,5.76
21,6,5.76
6,22,3.96
22,6,3.96
6,23,6.52
23,6,6.52
6,24,5.57
24,6,5.57
6,25,10.47
25,6,10.47
6,26,5.30
26,6,5.30
6,27,7.06
27,6,7.06
6,28,9.62
28,6,9.62
6,29,9.79
29,6,9.79
6,30,9.64
30,6,9.64
6,31,10.41
31,6,10.41
6,32,10.36
32,6,10.36
6,33,10.66
33,6,10.66
6,34,11.67
34,6,11.67
6,35,11.35
35,6,11.35
6,36,11.86
36,6,11.86
6,37,11.37
37,6,11.37
6,38,10.50
38,6,10.50
6,39,11.46
39,6,11.46
6,40,9.27
40,6,9.27
6,41,12.61
41,6,12.61
6,42,13.05
42,6,13.05
6,43,13.01
43,6,13.01
6,44,16.15
44,6,16.15
6,45,15.20
45,6,15.20
6,46,12.87
46,6,12.87
6,47,13.25
47,6,13.25
6,48,13.59
48,6,13.59
6,49,12.95
49,6,12.95
6,50,13.68
50,6,13.68
6,51,11.90
51,6,11.90
6,52,9.35
52,6,9.35
6,53,9.58
53,6,9.58
6,54,10.67
54,6,10.67
6,55,15.43
55,6,15.43
6,56,15.99
56,6,15.99
6,57,18.06
57,6,18.06
6,58,21.89
58,6,21.89
6,59,19.07
59,6,19.07
6,60,34.85
60,6,34.85
6,61,24.01
61,6,24.01
6,62,28.33
62,6,28.33
6,63,25.87
63,6,25.87
6,64,22.53
64,6,22.53
6,65,26.76
65,6,26.76
6,66,13.27
66,6,13.27
6,67,12.06
67,6,12.06
6,68,15.15
68,6,15.15
6,69,13.44
69,6,13.44
6,70,24.31
70,6,24.31
6,71,13.76
71,6,13.76
6,72,11.86
72,6,11.86
6,73,11.54
73,6,11.54
6,74,15.87
74,6,15.87
6,75,14.46
75,6,14.46
6,76,21.12
76,6,21.12
6,77,25.70
77,6,25.70
6,78,15.89
78,6,15.89
6,79,17.62
79,6,17.62
6,80,17.49
80,6,17.49
6,81,16.97
81,6,16.97
7,8,0.80
8,7,0.80
7,9,2.72
9,7,2.72
7,10,3.11
10,7,3.11
7,11,2.10
11,7,2.10
7,12,3.10
12,7,3.10
7,13,3.40
13,7,3.40
7,14,2.22
14,7,2.22
7,15,2.80
15,7,2.80
7,16,2.81
16,7,2.81
7,17,1.02
17,7,1.02
7,18,2.18
18,7,2.18
7,19,4.39
19,7,4.39
7,20,7.71
20,7,7.71
7,21,6.41
21,7,6.41
7,22,4.27
22,7,4.27
7,23,5.46
23,7,5.46
7,24,5.93
24,7,5.93
7,25,11.32
25,7,11.32
7,26,5.01
26,7,5.01
7,27,5.88
27,7,5.88
7,28,5.08
28,7,5.08
7,29,5.20
29,7,5.20
7,30,6.02
30,7,6.02
7,31,4.70
31,7,4.70
7,32,5.77
32,7,5.77
7,33,8.04
33,7,8.04
7,34,12.12
34,7,12.12
7,35,8.73
35,7,8.73
7,36,9.24
36,7,9.24
7,37,8.74
37,7,8.74
7,38,6.12
38,7,6.12
7,39,5.33
39,7,5.33
7,40,4.89
40,7,4.89
7,41,8.23
41,7,8.23
7,42,9.63
42,7,9.63
7,43,6.91
43,7,6.91
7,44,10.05
44,7,10.05
7,45,9.10
45,7,9.10
7,46,8.49
46,7,8.49
7,47,10.20
47,7,10.20
7,48,9.32
48,7,9.32
7,49,8.57
49,7,8.57
7,50,10.70
50,7,10.70
7,51,8.86
51,7,8.86
7,52,6.31
52,7,6.31
7,53,6.54
53,7,6.54
7,54,7.69
54,7,7.69
7,55,11.16
55,7,11.16
7,56,12.95
56,7,12.95
7,57,13.68
57,7,13.68
7,58,17.51
58,7,17.51
7,59,14.69
59,7,14.69
7,60,29.43
60,7,29.43
7,61,21.58
61,7,21.58
7,62,22.23
62,7,22.23
7,63,19.89
63,7,19.89
7,64,22.27
64,7,22.27
7,65,20.72
65,7,20.72
7,66,9.85
66,7,9.85
7,67,8.02
67,7,8.02
7,68,9.57
68,7,9.57
7,69,11.28
69,7,11.28
7,70,17.39
70,7,17.39
7,71,10.78
71,7,10.78
7,72,14.17
72,7,14.17
7,73,13.85
73,7,13.85
7,74,20.18
74,7,20.18
7,75,16.77
75,7,16.77
7,76,20.29
76,7,20.29
7,77,25.75
77,7,25.75
7,78,16.66
78,7,16.66
7,79,18.37
79,7,18.37
7,80,18.24
80,7,18.24
7,81,17.72
81,7,17.72
8,9,3.52
9,8,3.52
8,10,3.91
10,8,3.91
8,11,2.91
11,8,2.91
8,12,3.90
12,8,3.90
8,13,4.20
13,8,4.20
8,14,3.02
14,8,3.02
8,15,3.60
15,8,3.60
8,16,3.61
16,8,3.61
8,17,1.82
17,8,1.82
8,18,2.98
18,8,2.98
8,19,5.20
19,8,5.20
8,20,8.51
20,8,8.51
8,21,7.21
21,8,7.21
8,22,5.08
22,8,5.08
8,23,6.26
23,8,6.26
8,24,6.73
24,8,6.73
8,25,12.12
25,8,12.12
8,26,5.81
26,8,5.81
8,27,6.68
27,8,6.68
8,28,5.88
28,8,5.88
8,29,6.00
29,8,6.00
8,30,6.82
30,8,6.82
8,31,5.38
31,8,5.38
8,32,6.57
32,8,6.57
8,33,8.72
33,8,8.72
8,34,12.92
34,8,12.92
8,35,9.45
35,8,9.45
8,36,9.96
36,8,9.96
8,37,9.47
37,8,9.47
8,38,6.10
38,8,6.10
8,39,5.32
39,8,5.32
8,40,4.87
40,8,4.87
8,41,8.21
41,8,8.21
8,42,9.61
42,8,9.61
8,43,6.90
43,8,6.90
8,44,10.03
44,8,10.03
8,45,9.09
45,8,9.09
8,46,8.47
46,8,8.47
8,47,10.19
47,8,10.19
8,48,9.31
48,8,9.31
8,49,8.55
49,8,8.55
8,50,10.68
50,8,10.68
8,51,8.85
51,8,8.85
8,52,6.29
52,8,6.29
8,53,6.52
53,8,6.52
8,54,7.67
54,8,7.67
8,55,11.15
55,8,11.15
8,56,12.93
56,8,12.93
8,57,13.67
57,8,13.67
8,58,17.49
58,8,17.49
8,59,14.68
59,8,14.68
8,60,29.41
60,8,29.41
8,61,21.56
61,8,21.56
8,62,22.22
62,8,22.22
8,63,19.87
63,8,19.87
8,64,22.25
64,8,22.25
8,65,20.71
65,8,20.71
8,66,10.53
66,8,10.53
8,67,8.82
67,8,8.82
8,68,10.37
68,8,10.37
8,69,12.08
69,8,12.08
8,70,18.19
70,8,18.19
8,71,11.58
71,8,11.58
8,72,14.97
72,8,14.97
8,73,14.65
73,8,14.65
8,74,20.98
74,8,20.98
8,75,17.58
75,8,17.58
8,76,21.09
76,8,21.09
8,77,26.55
77,8,26.55
8,78,17.46
78,8,17.46
8,79,19.17
79,8,19.17
8,80,18.32
80,8,18.32
8,81,18.52
81,8,18.52
9,10,0.71
10,9,0.71
9,11,1.20
11,9,1.20
9,12,0.96
12,9,0.96
9,13,4.13
13,9,4.13
9,14,2.95
14,9,2.95
9,15,2.91
15,9,2.91
9,16,5.76
16,9,5.76
9,17,5.00
17,9,5.00
9,18,4.38
18,9,4.38
9,19,6.59
19,9,6.59
9,20,9.81
20,9,9.81
9,21,7.07
21,9,7.07
9,22,6.93
22,9,6.93
9,23,6.75
23,9,6.75
9,24,7.22
24,9,7.22
9,25,11.21
25,9,11.21
9,26,3.68
26,9,3.68
9,27,2.68
27,9,2.68
9,28,2.73
28,9,2.73
9,29,2.90
29,9,2.90
9,30,3.67
30,9,3.67
9,31,4.12
31,9,4.12
9,32,3.47
32,9,3.47
9,33,4.33
33,9,4.33
9,34,8.86
34,9,8.86
9,35,5.01
35,9,5.01
9,36,5.52
36,9,5.52
9,37,5.03
37,9,5.03
9,38,5.62
38,9,5.62
9,39,4.83
39,9,4.83
9,40,4.39
40,9,4.39
9,41,7.73
41,9,7.73
9,42,7.04
42,9,7.04
9,43,6.41
43,9,6.41
9,44,9.55
44,9,9.55
9,45,8.60
45,9,8.60
9,46,7.99
46,9,7.99
9,47,8.17
47,9,8.17
9,48,8.82
48,9,8.82
9,49,8.07
49,9,8.07
9,50,8.66
50,9,8.66
9,51,6.83
51,9,6.83
9,52,6.33
52,9,6.33
9,53,6.56
53,9,6.56
9,54,6.70
54,9,6.70
9,55,10.66
55,9,10.66
9,56,12.45
56,9,12.45
9,57,13.18
57,9,13.18
9,58,17.01
58,9,17.01
9,59,14.19
59,9,14.19
9,60,29.12
60,9,29.12
9,61,17.13
61,9,17.13
9,62,21.73
62,9,21.73
9,63,19.58
63,9,19.58
9,64,16.81
64,9,16.81
9,65,20.42
65,9,20.42
9,66,6.13
66,9,6.13
9,67,5.73
67,9,5.73
9,68,7.28
68,9,7.28
9,69,11.27
69,9,11.27
9,70,15.10
70,9,15.10
9,71,7.53
71,9,7.53
9,72,14.51
72,9,14.51
9,73,14.15
73,9,14.15
9,74,23.65
74,9,23.65
9,75,17.39
75,9,17.39
9,76,19.07
76,9,19.07
9,77,15.32
77,9,15.32
9,78,13.44
78,9,13.44
9,79,15.12
79,9,15.12
9,80,14.99
80,9,14.99
9,81,14.47
81,9,14.47
10,11,1.34
11,10,1.34
10,12,1.50
12,10,1.50
10,13,4.28
13,10,4.28
10,14,3.10
14,10,3.10
10,15,3.05
15,10,3.05
10,16,5.91
16,10,5.91
10,17,5.14
17,10,5.14
10,18,4.53
18,10,4.53
10,19,6.73
19,10,6.73
10,20,9.77
20,10,9.77
10,21,7.17
21,10,7.17
10,22,7.07
22,10,7.07
10,23,6.85
23,10,6.85
10,24,7.32
24,10,7.32
10,25,11.79
25,10,11.79
10,26,3.78
26,10,3.78
10,27,2.30
27,10,2.30
10,28,2.40
28,10,2.40
10,29,2.58
29,10,2.58
10,30,3.34
30,10,3.34
10,31,3.80
31,10,3.80
10,32,3.15
32,10,3.15
10,33,4.00
33,10,4.00
10,34,8.54
34,10,8.54
10,35,4.69
35,10,4.69
10,36,5.20
36,10,5.20
10,37,4.71
37,10,4.71
10,38,5.76
38,10,5.76
10,39,5.64
39,10,5.64
10,40,4.53
40,10,4.53
10,41,11.23
41,10,11.23
10,42,6.71
42,10,6.71
10,43,6.59
43,10,6.59
10,44,8.79
44,10,8.79
10,45,9.09
45,10,9.09
10,46,8.13
46,10,8.13
10,47,8.31
47,10,8.31
10,48,8.97
48,10,8.97
10,49,8.21
49,10,8.21
10,50,8.81
50,10,8.81
10,51,6.97
51,10,6.97
10,52,6.48
52,10,6.48
10,53,6.71
53,10,6.71
10,54,6.85
54,10,6.85
10,55,10.81
55,10,10.81
10,56,12.59
56,10,12.59
10,57,13.33
57,10,13.33
10,58,17.15
58,10,17.15
10,59,14.34
59,10,14.34
10,60,28.80
60,10,28.80
10,61,16.80
61,10,16.80
10,62,13.92
62,10,13.92
10,63,19.26
63,10,19.26
10,64,16.48
64,10,16.48
10,65,20.09
65,10,20.09
10,66,5.81
66,10,5.81
10,67,5.40
67,10,5.40
10,68,6.95
68,10,6.95
10,69,10.95
69,10,10.95
10,70,14.77
70,10,14.77
10,71,7.20
71,10,7.20
10,72,15.08
72,10,15.08
10,73,14.73
73,10,14.73
10,74,23.75
74,10,23.75
10,75,17.97
75,10,17.97
10,76,19.38
76,10,19.38
10,77,14.90
77,10,14.90
10,78,13.07
78,10,13.07
10,79,14.79
79,10,14.79
10,80,14.67
80,10,14.67
10,81,14.14
81,10,14.14
11,12,1.47
12,11,1.47
11,13,3.40
13,11,3.40
11,14,2.29
14,11,2.29
11,15,2.17
15,11,2.17
11,16,4.51
16,11,4.51
11,17,3.16
17,11,3.16
11,18,3.72
18,11,3.72
11,19,5.98
19,11,5.98
11,20,9.08
20,11,9.08
11,21,6.70
21,11,6.70
11,22,6.19
22,11,6.19
11,23,6.12
23,11,6.12
11,24,4.90
24,11,4.90
11,25,10.67
25,11,10.67
11,26,3.05
26,11,3.05
11,27,4.26
27,11,4.26
11,28,3.56
28,11,3.56
11,29,3.73
29,11,3.73
11,30,4.50
30,11,4.50
11,31,5.28
31,11,5.28
11,32,4.30
32,11,4.30
11,33,5.15
33,11,5.15
11,34,10.49
34,11,10.49
11,35,5.84
35,11,5.84
11,36,6.35
36,11,6.35
11,37,5.86
37,11,5.86
11,38,5.53
38,11,5.53
11,39,6.41
39,11,6.41
11,40,4.30
40,11,4.30
11,41,7.64
41,11,7.64
11,42,10.65
42,11,10.65
11,43,8.04
43,11,8.04
11,44,11.18
44,11,11.18
11,45,10.23
45,11,10.23
11,46,7.90
46,11,7.90
11,47,9.24
47,11,9.24
11,48,8.36
48,11,8.36
11,49,7.98
49,11,7.98
11,50,9.73
50,11,9.73
11,51,7.90
51,11,7.90
11,52,7.44
52,11,7.44
11,53,6.59
53,11,6.59
11,54,7.81
54,11,7.81
11,55,10.20
55,11,10.20
11,56,11.98
56,11,11.98
11,57,13.09
57,11,13.09
11,58,16.92
58,11,16.92
11,59,14.10
59,11,14.10
11,60,30.50
60,11,30.50
11,61,17.96
61,11,17.96
11,62,23.31
62,11,23.31
11,63,20.91
63,11,20.91
11,64,23.34
64,11,23.34
11,65,21.74
65,11,21.74
11,66,6.96
66,11,6.96
11,67,6.55
67,11,6.55
11,68,8.11
68,11,8.11
11,69,9.81
69,11,9.81
11,70,15.92
70,11,15.92
11,71,9.16
71,11,9.16
11,72,13.96
72,11,13.96
11,73,13.61
73,11,13.61
11,74,21.36
74,11,21.36
11,75,16.85
75,11,16.85
11,76,18.49
76,11,18.49
11,77,24.43
77,11,24.43
11,78,15.02
78,11,15.02
11,79,16.74
79,11,16.74
11,80,16.63
80,11,16.63
11,81,16.10
81,11,16.10
12,13,3.23
13,12,3.23
12,14,3.47
14,12,3.47
12,15,2.04
15,12,2.04
12,16,5.11
16,12,5.11
12,17,4.34
17,12,4.34
12,18,4.90
18,12,4.90
12,19,5.93
19,12,5.93
12,20,8.91
20,12,8.91
12,21,6.30
21,12,6.30
12,22,6.02
22,12,6.02
12,23,6.01
23,12,6.01
12,24,6.45
24,12,6.45
12,25,10.56
25,12,10.56
12,26,2.87
26,12,2.87
12,27,2.33
27,12,2.33
12,28,3.04
28,12,3.04
12,29,3.21
29,12,3.21
12,30,3.98
30,12,3.98
12,31,4.39
31,12,4.39
12,32,3.79
32,12,3.79
12,33,4.64
33,12,4.64
12,34,8.57
34,12,8.57
12,35,5.33
35,12,5.33
12,36,5.84
36,12,5.84
12,37,5.34
37,12,5.34
12,38,8.73
38,12,8.73
12,39,6.23
39,12,6.23
12,40,6.09
40,12,6.09
12,41,11.82
41,12,11.82
12,42,7.31
42,12,7.31
12,43,7.19
43,12,7.19
12,44,9.40
44,12,9.40
12,45,9.68
45,12,9.68
12,46,9.76
46,12,9.76
12,47,11.28
47,12,11.28
12,48,10.69
48,12,10.69
12,49,10.62
49,12,10.62
12,50,11.90
50,12,11.90
12,51,9.94
51,12,9.94
12,52,7.43
52,12,7.43
12,53,6.49
53,12,6.49
12,54,7.93
54,12,7.93
12,55,14.03
55,12,14.03
12,56,14.18
56,12,14.18
12,57,16.34
57,12,16.34
12,58,16.66
58,12,16.66
12,59,13.87
59,12,13.87
12,60,29.44
60,12,29.44
12,61,17.44
61,12,17.44
12,62,14.52
62,12,14.52
12,63,19.90
63,12,19.90
12,64,17.08
64,12,17.08
12,65,20.73
65,12,20.73
12,66,6.45
66,12,6.45
12,67,6.04
67,12,6.04
12,68,7.59
68,12,7.59
12,69,10.98
69,12,10.98
12,70,15.41
70,12,15.41
12,71,7.24
71,12,7.24
12,72,13.86
72,12,13.86
12,73,13.51
73,12,13.51
12,74,22.92
74,12,22.92
12,75,16.75
75,12,16.75
12,76,18.39
76,12,18.39
12,77,23.22
77,12,23.22
12,78,13.10
78,12,13.10
12,79,14.82
79,12,14.82
12,80,14.70
80,12,14.70
12,81,14.18
81,12,14.18
13,14,3.39
14,13,3.39
13,15,2.03
15,13,2.03
13,16,2.50
16,13,2.50
13,17,2.57
17,13,2.57
13,18,3.46
18,13,3.46
13,19,2.15
19,13,2.15
13,20,5.68
20,13,5.68
13,21,2.51
21,13,2.51
13,22,2.79
22,13,2.79
13,23,2.19
23,13,2.19
13,24,2.66
24,13,2.66
13,25,7.11
25,13,7.11
13,26,2.24
26,13,2.24
13,27,4.00
27,13,4.00
13,28,5.41
28,13,5.41
13,29,5.58
29,13,5.58
13,30,7.25
30,13,7.25
13,31,6.80
31,13,6.80
13,32,6.39
32,13,6.39
13,33,7.01
33,13,7.01
13,34,8.97
34,13,8.97
13,35,7.70
35,13,7.70
13,36,8.21
36,13,8.21
13,37,7.71
37,13,7.71
13,38,11.57
38,13,11.57
13,39,9.07
39,13,9.07
13,40,8.93
40,13,8.93
13,41,14.67
41,13,14.67
13,42,9.72
42,13,9.72
13,43,10.03
43,13,10.03
13,44,11.81
44,13,11.81
13,45,12.53
45,13,12.53
13,46,12.61
46,13,12.61
13,47,14.25
47,13,14.25
13,48,13.54
48,13,13.54
13,49,13.47
49,13,13.47
13,50,14.74
50,13,14.74
13,51,12.91
51,13,12.91
13,52,10.59
52,13,10.59
13,53,10.82
53,13,10.82
13,54,12.15
54,13,12.15
13,55,16.88
55,13,16.88
13,56,17.03
56,13,17.03
13,57,19.18
57,13,19.18
13,58,19.51
58,13,19.51
13,59,16.72
59,13,16.72
13,60,31.81
60,13,31.81
13,61,24.86
61,13,24.86
13,62,16.93
62,13,16.93
13,63,22.27
63,13,22.27
13,64,19.49
64,13,19.49
13,65,23.10
65,13,23.10
13,66,9.05
66,13,9.05
13,67,9.00
67,13,9.00
13,68,13.41
68,13,13.41
13,69,10.74
69,13,10.74
13,70,21.25
70,13,21.25
13,71,11.06
71,13,11.06
13,72,10.00
72,13,10.00
13,73,9.68
73,13,9.68
13,74,19.10
74,13,19.10
13,75,12.89
75,13,12.89
13,76,16.92
76,13,16.92
13,77,23.01
77,13,23.01
13,78,13.19
78,13,13.19
13,79,14.91
79,13,14.91
13,80,14.79
80,13,14.79
13,81,14.27
81,13,14.27
14,15,3.00
15,14,3.00
14,16,3.96
16,14,3.96
14,17,2.62
17,14,2.62
14,18,3.47
18,14,3.47
14,19,4.79
19,14,4.79
14,20,9.89
20,14,9.89
14,21,7.78
21,14,7.78
14,22,7.01
22,14,7.01
14,23,7.27
23,14,7.27
14,24,5.98
24,14,5.98
14,25,10.36
25,14,10.36
14,26,4.18
26,14,4.18
14,27,5.87
27,14,5.87
14,28,6.40
28,14,6.40
14,29,6.57
29,14,6.57
14,30,7.34
30,14,7.34
14,31,7.20
31,14,7.20
14,32,7.15
32,14,7.15
14,33,7.45
33,14,7.45
14,34,12.10
34,14,12.10
14,35,8.14
35,14,8.14
14,36,8.65
36,14,8.65
14,37,8.15
37,14,8.15
14,38,7.06
38,14,7.06
14,39,8.03
39,14,8.03
14,40,5.83
40,14,5.83
14,41,9.05
41,14,9.05
14,42,12.32
42,14,12.32
14,43,9.58
43,14,9.58
14,44,12.71
44,14,12.71
14,45,11.77
45,14,11.77
14,46,9.31
46,14,9.31
14,47,11.02
47,14,11.02
14,48,10.14
48,14,10.14
14,49,9.38
49,14,9.38
14,50,11.51
50,14,11.51
14,51,9.68
51,14,9.68
14,52,7.13
52,14,7.13
14,53,7.36
53,14,7.36
14,54,8.51
54,14,8.51
14,55,11.98
55,14,11.98
14,56,13.77
56,14,13.77
14,57,14.50
57,14,14.50
14,58,18.32
58,14,18.32
14,59,15.51
59,14,15.51
14,60,32.12
60,14,32.12
14,61,20.80
61,14,20.80
14,62,24.93
62,14,24.93
14,63,22.57
63,14,22.57
14,64,24.96
64,14,24.96
14,65,23.40
65,14,23.40
14,66,10.06
66,14,10.06
14,67,9.57
67,14,9.57
14,68,11.12
68,14,11.12
14,69,12.22
69,14,12.22
14,70,18.94
70,14,18.94
14,71,10.77
71,14,10.77
14,72,12.52
72,14,12.52
14,73,12.20
73,14,12.20
14,74,22.05
74,14,22.05
14,75,15.12
75,14,15.12
14,76,19.36
76,14,19.36
14,77,25.16
77,14,25.16
14,78,16.63
78,14,16.63
14,79,18.36
79,14,18.36
14,80,18.23
80,14,18.23
14,81,17.71
81,14,17.71
15,16,3.07
16,15,3.07
15,17,3.00
17,15,3.00
15,18,4.03
18,15,4.03
15,19,3.44
19,15,3.44
15,20,7.25
20,15,7.25
15,21,4.76
21,15,4.76
15,22,4.37
22,15,4.37
15,23,4.24
23,15,4.24
15,24,2.95
24,15,2.95
15,25,7.71
25,15,7.71
15,26,2.20
26,15,2.20
15,27,3.96
27,15,3.96
15,28,5.37
28,15,5.37
15,29,5.54
29,15,5.54
15,30,7.21
30,15,7.21
15,31,6.76
31,15,6.76
15,32,6.35
32,15,6.35
15,33,6.97
33,15,6.97
15,34,8.89
34,15,8.89
15,35,7.66
35,15,7.66
15,36,8.17
36,15,8.17
15,37,7.67
37,15,7.67
15,38,11.53
38,15,11.53
15,39,9.03
39,15,9.03
15,40,8.89
40,15,8.89
15,41,14.63
41,15,14.63
15,42,9.68
42,15,9.68
15,43,9.99
43,15,9.99
15,44,11.77
44,15,11.77
15,45,12.49
45,15,12.49
15,46,12.57
46,15,12.57
15,47,14.21
47,15,14.21
15,48,13.50
48,15,13.50
15,49,13.43
49,15,13.43
15,50,14.70
50,15,14.70
15,51,12.87
51,15,12.87
15,52,11.04
52,15,11.04
15,53,11.27
53,15,11.27
15,54,15.37
54,15,15.37
15,55,16.84
55,15,16.84
15,56,16.99
56,15,16.99
15,57,19.15
57,15,19.15
15,58,19.47
58,15,19.47
15,59,16.68
59,15,16.68
15,60,31.77
60,15,31.77
15,61,24.82
61,15,24.82
15,62,16.89
62,15,16.89
15,63,22.23
63,15,22.23
15,64,19.45
64,15,19.45
15,65,23.06
65,15,23.06
15,66,9.01
66,15,9.01
15,67,8.96
67,15,8.96
15,68,13.37
68,15,13.37
15,69,11.22
69,15,11.22
15,70,21.74
70,15,21.74
15,71,10.98
71,15,10.98
15,72,9.49
72,15,9.49
15,73,9.17
73,15,9.17
15,74,19.41
74,15,19.41
15,75,12.09
75,15,12.09
15,76,16.33
76,15,16.33
15,77,22.94
77,15,22.94
15,78,13.11
78,15,13.11
15,79,14.84
79,15,14.84
15,80,14.71
80,15,14.71
15,81,14.19
81,15,14.19
16,17,1.64
17,16,1.64
16,18,0.96
18,16,0.96
16,19,0.96
19,16,0.96
16,20,5.34
20,16,5.34
16,21,5.43
21,16,5.43
16,22,3.29
22,16,3.29
16,23,4.48
23,16,4.48
16,24,4.95
24,16,4.95
16,25,10.34
25,16,10.34
16,26,4.42
26,16,4.42
16,27,6.42
27,16,6.42
16,28,8.03
28,16,8.03
16,29,8.20
29,16,8.20
16,30,8.64
30,16,8.64
16,31,8.82
31,16,8.82
16,32,8.77
32,16,8.77
16,33,9.07
33,16,9.07
16,34,11.20
34,16,11.20
16,35,9.76
35,16,9.76
16,36,10.27
36,16,10.27
16,37,9.78
37,16,9.78
16,38,8.91
38,16,8.91
16,39,9.87
39,16,9.87
16,40,7.68
40,16,7.68
16,41,11.02
41,16,11.02
16,42,11.46
42,16,11.46
16,43,11.42
43,16,11.42
16,44,14.56
44,16,14.56
16,45,13.61
45,16,13.61
16,46,11.28
46,16,11.28
16,47,12.88
47,16,12.88
16,48,12.00
48,16,12.00
16,49,11.36
49,16,11.36
16,50,13.38
50,16,13.38
16,51,11.54
51,16,11.54
16,52,8.45
52,16,8.45
16,53,8.67
53,16,8.67
16,54,9.83
54,16,9.83
16,55,13.84
55,16,13.84
16,56,15.63
56,16,15.63
16,57,16.47
57,16,16.47
16,58,20.30
58,16,20.30
16,59,17.48
59,16,17.48
16,60,33.26
60,16,33.26
16,61,22.42
61,16,22.42
16,62,26.74
62,16,26.74
16,63,24.28
63,16,24.28
16,64,20.94
64,16,20.94
16,65,25.17
65,16,25.17
16,66,11.68
66,16,11.68
16,67,10.35
67,16,10.35
16,68,13.43
68,16,13.43
16,69,14.28
69,16,14.28
16,70,21.36
70,16,21.36
16,71,13.30
71,16,13.30
16,72,12.83
72,16,12.83
16,73,12.59
73,16,12.59
16,74,17.91
74,16,17.91
16,75,15.43
75,16,15.43
16,76,22.18
76,16,22.18
16,77,24.33
77,16,24.33
16,78,15.63
78,16,15.63
16,79,17.36
79,16,17.36
16,80,17.23
80,16,17.23
16,81,16.71
81,16,16.71
17,18,1.35
18,17,1.35
17,19,2.17
19,17,2.17
17,20,6.36
20,17,6.36
17,21,5.39
21,17,5.39
17,22,3.25
22,17,3.25
17,23,4.43
23,17,4.43
17,24,4.91
24,17,4.91
17,25,10.30
25,17,10.30
17,26,5.61
26,17,5.61
17,27,4.22
27,17,4.22
17,28,6.98
28,17,6.98
17,29,7.15
29,17,7.15
17,30,7.59
30,17,7.59
17,31,7.77
31,17,7.77
17,32,7.72
32,17,7.72
17,33,8.02
33,17,8.02
17,34,9.71
34,17,9.71
17,35,8.71
35,17,8.71
17,36,9.22
36,17,9.22
17,37,8.73
37,17,8.73
17,38,7.86
38,17,7.86
17,39,8.82
39,17,8.82
17,40,6.63
40,17,6.63
17,41,9.97
41,17,9.97
17,42,10.41
42,17,10.41
17,43,10.37
43,17,10.37
17,44,13.51
44,17,13.51
17,45,12.56
45,17,12.56
17,46,10.23
46,17,10.23
17,47,11.83
47,17,11.83
17,48,10.95
48,17,10.95
17,49,10.31
49,17,10.31
17,50,12.33
50,17,12.33
17,51,10.49
51,17,10.49
17,52,7.28
52,17,7.28
17,53,7.51
53,17,7.51
17,54,8.66
54,17,8.66
17,55,12.79
55,17,12.79
17,56,14.58
56,17,14.58
17,57,15.42
57,17,15.42
17,58,19.25
58,17,19.25
17,59,16.43
59,17,16.43
17,60,32.21
60,17,32.21
17,61,21.37
61,17,21.37
17,62,25.72
62,17,25.72
17,63,23.28
63,17,23.28
17,64,19.89
64,17,19.89
17,65,24.11
65,17,24.11
17,66,10.63
66,17,10.63
17,67,8.14
67,17,8.14
17,68,11.23
68,17,11.23
17,69,12.08
69,17,12.08
17,70,19.16
70,17,19.16
17,71,8.38
71,17,8.38
17,72,13.15
72,17,13.15
17,73,12.83
73,17,12.83
17,74,19.16
74,17,19.16
17,75,15.75
75,17,15.75
17,76,19.27
76,17,19.27
17,77,24.83
77,17,24.83
17,78,11.58
78,17,11.58
17,79,13.59
79,17,13.59
17,80,13.08
80,17,13.08
17,81,12.66
81,17,12.66
18,19,1.92
19,18,1.92
18,20,6.30
20,18,6.30
18,21,6.39
21,18,6.39
18,22,4.26
22,18,4.26
18,23,5.45
23,18,5.45
18,24,5.93
24,18,5.93
18,25,11.30
25,18,11.30
18,26,7.01
26,18,7.01
18,27,5.62
27,18,5.62
18,28,8.25
28,18,8.25
18,29,8.42
29,18,8.42
18,30,8.86
30,18,8.86
18,31,9.16
31,18,9.16
18,32,8.99
32,18,8.99
18,33,9.42
33,18,9.42
18,34,11.11
34,18,11.11
18,35,10.11
35,18,10.11
18,36,10.62
36,18,10.62
18,37,10.12
37,18,10.12
18,38,9.25
38,18,9.25
18,39,10.22
39,18,10.22
18,40,8.02
40,18,8.02
18,41,11.36
41,18,11.36
18,42,11.80
42,18,11.80
18,43,11.76
43,18,11.76
18,44,14.90
44,18,14.90
18,45,13.96
45,18,13.96
18,46,11.62
46,18,11.62
18,47,12.00
47,18,12.00
18,48,12.35
48,18,12.35
18,49,11.70
49,18,11.70
18,50,12.49
50,18,12.49
18,51,10.66
51,18,10.66
18,52,8.10
52,18,8.10
18,53,8.33
53,18,8.33
18,54,9.49
54,18,9.49
18,55,14.19
55,18,14.19
18,56,14.74
56,18,14.74
18,57,16.82
57,18,16.82
18,58,20.64
58,18,20.64
18,59,17.83
59,18,17.83
18,60,33.60
60,18,33.60
18,61,22.77
61,18,22.77
18,62,27.09
62,18,27.09
18,63,24.63
63,18,24.63
18,64,21.29
64,18,21.29
18,65,25.51
65,18,25.51
18,66,12.02
66,18,12.02
18,67,9.41
67,18,9.41
18,68,12.50
68,18,12.50
18,69,13.48
69,18,13.48
18,70,20.43
70,18,20.43
18,71,9.78
71,18,9.78
18,72,13.79
72,18,13.79
18,73,13.55
73,18,13.55
18,74,18.87
74,18,18.87
18,75,16.39
75,18,16.39
18,76,23.14
76,18,23.14
18,77,25.10
77,18,25.10
18,78,12.98
78,18,12.98
18,79,15.00
79,18,15.00
18,80,14.48
80,18,14.48
18,81,14.06
81,18,14.06
19,20,4.93
20,19,4.93
19,21,4.72
21,19,4.72
19,22,2.93
22,19,2.93
19,23,5.47
23,19,5.47
19,24,4.99
24,19,4.99
19,25,10.70
25,19,10.70
19,26,4.45
26,19,4.45
19,27,6.21
27,19,6.21
19,28,7.62
28,19,7.62
19,29,7.79
29,19,7.79
19,30,8.79
30,19,8.79
19,31,8.96
31,19,8.96
19,32,8.59
32,19,8.59
19,33,9.22
33,19,9.22
19,34,10.82
34,19,10.82
19,35,9.90
35,19,9.90
19,36,10.42
36,19,10.42
19,37,9.92
37,19,9.92
19,38,10.13
38,19,10.13
19,39,10.63
39,19,10.63
19,40,9.02
40,19,9.02
19,41,12.24
41,19,12.24
19,42,11.91
42,19,11.91
19,43,11.59
43,19,11.59
19,44,13.45
44,19,13.45
19,45,13.33
45,19,13.33
19,46,12.50
46,19,12.50
19,47,14.11
47,19,14.11
19,48,13.22
48,19,13.22
19,49,12.58
49,19,12.58
19,50,14.60
50,19,14.60
19,51,12.76
51,19,12.76
19,52,9.40
52,19,9.40
19,53,9.63
53,19,9.63
19,54,10.78
54,19,10.78
19,55,15.06
55,19,15.06
19,56,16.85
56,19,16.85
19,57,17.70
57,19,17.70
19,58,21.52
58,19,21.52
19,59,18.71
59,19,18.71
19,60,34.04
60,19,34.04
19,61,27.07
61,19,27.07
19,62,19.53
62,19,19.53
19,63,24.50
63,19,24.50
19,64,21.72
64,19,21.72
19,65,25.33
65,19,25.33
19,66,11.25
66,19,11.25
19,67,11.21
67,19,11.21
19,68,14.30
68,19,14.30
19,69,12.59
69,19,12.59
19,70,23.46
70,19,23.46
19,71,12.91
71,19,12.91
19,72,12.26
72,19,12.26
19,73,12.03
73,19,12.03
19,74,17.50
74,19,17.50
19,75,14.86
75,19,14.86
19,76,21.61
76,19,21.61
19,77,24.65
77,19,24.65
19,78,15.27
78,19,15.27
19,79,16.99
79,19,16.99
19,80,16.86
80,19,16.86
19,81,16.34
81,19,16.34
20,21,6.88
21,20,6.88
20,22,5.07
22,20,5.07
20,23,7.63
23,20,7.63
20,24,7.12
24,20,7.12
20,25,7.98
25,20,7.98
20,26,7.90
26,20,7.90
20,27,9.66
27,20,9.66
20,28,11.07
28,20,11.07
20,29,11.24
29,20,11.24
20,30,12.24
30,20,12.24
20,31,12.37
31,20,12.37
20,32,12.04
32,20,12.04
20,33,12.67
33,20,12.67
20,34,14.09
34,20,14.09
20,35,13.35
35,20,13.35
20,36,13.87
36,20,13.87
20,37,13.37
37,20,13.37
20,38,17.15
38,20,17.15
20,39,14.64
39,20,14.64
20,40,14.50
40,20,14.50
20,41,20.24
41,20,20.24
20,42,15.29
42,20,15.29
20,43,15.60
43,20,15.60
20,44,17.38
44,20,17.38
20,45,18.10
45,20,18.10
20,46,18.18
46,20,18.18
20,47,19.82
47,20,19.82
20,48,19.11
48,20,19.11
20,49,19.04
49,20,19.04
20,50,20.31
50,20,20.31
20,51,18.48
51,20,18.48
20,52,15.90
52,20,15.90
20,53,15.01
53,20,15.01
20,54,17.85
54,20,17.85
20,55,22.45
55,20,22.45
20,56,22.60
56,20,22.60
20,57,24.76
57,20,24.76
20,58,25.08
58,20,25.08
20,59,22.29
59,20,22.29
20,60,37.38
60,20,37.38
20,61,30.52
61,20,30.52
20,62,22.50
62,20,22.50
20,63,27.84
63,20,27.84
20,64,25.06
64,20,25.06
20,65,28.67
65,20,28.67
20,66,14.70
66,20,14.70
20,67,14.52
67,20,14.52
20,68,17.60
68,20,17.60
20,69,16.42
69,20,16.42
20,70,25.62
70,20,25.62
20,71,16.11
71,20,16.11
20,72,9.37
72,20,9.37
20,73,9.05
73,20,9.05
20,74,13.38
74,20,13.38
20,75,11.97
75,20,11.97
20,76,18.63
76,20,18.63
20,77,23.21
77,20,23.21
20,78,23.17
78,20,23.17
20,79,22.76
79,20,22.76
20,80,22.25
80,20,22.25
20,81,24.25
81,20,24.25
21,22,2.13
22,21,2.13
21,23,1.07
23,21,1.07
21,24,1.55
24,21,1.55
21,25,6.37
25,21,6.37
21,26,3.87
26,21,3.87
21,27,6.19
27,21,6.19
21,28,11.73
28,21,11.73
21,29,10.47
29,21,10.47
21,30,10.06
30,21,10.06
21,31,10.31
31,21,10.31
21,32,10.12
32,21,10.12
21,33,11.75
33,21,11.75
21,34,8.52
34,21,8.52
21,35,13.32
35,21,13.32
21,36,13.10
36,21,13.10
21,37,13.34
37,21,13.34
21,38,14.48
38,21,14.48
21,39,11.79
39,21,11.79
21,40,10.98
40,21,10.98
21,41,17.35
41,21,17.35
21,42,14.31
42,21,14.31
21,43,12.71
43,21,12.71
21,44,14.59
44,21,14.59
21,45,14.47
45,21,14.47
21,46,15.28
46,21,15.28
21,47,18.58
47,21,18.58
21,48,16.25
48,21,16.25
21,49,15.56
49,21,15.56
21,50,17.09
50,21,17.09
21,51,18.43
51,21,18.43
21,52,11.83
52,21,11.83
21,53,10.94
53,21,10.94
21,54,12.26
54,21,12.26
21,55,18.82
55,21,18.82
21,56,19.45
56,21,19.45
21,57,22.43
57,21,22.43
21,58,22.76
58,21,22.76
21,59,19.94
59,21,19.94
21,60,30.41
60,21,30.41
21,61,23.56
61,21,23.56
21,62,21.93
62,21,21.93
21,63,18.08
63,21,18.08
21,64,21.14
64,21,21.14
21,65,18.87
65,21,18.87
21,66,10.77
66,21,10.77
21,67,8.94
67,21,8.94
21,68,12.03
68,21,12.03
21,69,10.85
69,21,10.85
21,70,20.04
70,21,20.04
21,71,10.53
71,21,10.53
21,72,8.63
72,21,8.63
21,73,8.31
73,21,8.31
21,74,17.72
74,21,17.72
21,75,11.23
75,21,11.23
21,76,15.26
76,21,15.26
21,77,21.23
77,21,21.23
21,78,14.83
78,21,14.83
21,79,17.18
79,21,17.18
21,80,16.67
80,21,16.67
21,81,15.90
81,21,15.90
22,23,3.05
23,22,3.05
22,24,2.99
24,22,2.99
22,25,6.51
25,22,6.51
22,26,3.77
26,22,3.77
22,27,5.53
27,22,5.53
22,28,6.94
28,22,6.94
22,29,7.11
29,22,7.11
22,30,8.11
30,22,8.11
22,31,8.24
31,22,8.24
22,32,7.91
32,22,7.91
22,33,8.54
33,22,8.54
22,34,9.96
34,22,9.96
22,35,9.22
35,22,9.22
22,36,9.73
36,22,9.73
22,37,9.24
37,22,9.24
22,38,13.01
38,22,13.01
22,39,10.51
39,22,10.51
22,40,10.37
40,22,10.37
22,41,16.11
41,22,16.11
22,42,11.16
42,22,11.16
22,43,11.47
43,22,11.47
22,44,13.25
44,22,13.25
22,45,13.97
45,22,13.97
22,46,14.05
46,22,14.05
22,47,15.69
47,22,15.69
22,48,14.98
48,22,14.98
22,49,14.91
49,22,14.91
22,50,16.18
50,22,16.18
22,51,14.35
51,22,14.35
22,52,11.64
52,22,11.64
22,53,10.75
53,22,10.75
22,54,13.59
54,22,13.59
22,55,18.32
55,22,18.32
22,56,18.47
56,22,18.47
22,57,20.63
57,22,20.63
22,58,20.95
58,22,20.95
22,59,18.16
59,22,18.16
22,60,33.25
60,22,33.25
22,61,26.39
61,22,26.39
22,62,18.37
62,22,18.37
22,63,23.71
63,22,23.71
22,64,20.93
64,22,20.93
22,65,24.54
65,22,24.54
22,66,10.57
66,22,10.57
22,67,10.39
67,22,10.39
22,68,13.47
68,22,13.47
22,69,12.29
69,22,12.29
22,70,21.49
70,22,21.49
22,71,11.98
71,22,11.98
22,72,9.18
72,22,9.18
22,73,8.86
73,22,8.86
22,74,17.43
74,22,17.43
22,75,11.72
75,22,11.72
22,76,15.75
76,22,15.75
22,77,21.79
77,22,21.79
22,78,18.59
78,22,18.59
22,79,18.63
79,22,18.63
22,80,18.12
80,22,18.12
22,81,19.67
81,22,19.67
23,24,2.82
24,23,2.82
23,25,4.93
25,23,4.93
23,26,5.15
26,23,5.15
23,27,6.40
27,23,6.40
23,28,11.94
28,23,11.94
23,29,10.68
29,23,10.68
23,30,10.27
30,23,10.27
23,31,11.59
31,23,11.59
23,32,10.34
32,23,10.34
23,33,11.96
33,23,11.96
23,34,10.03
34,23,10.03
23,35,13.53
35,23,13.53
23,36,13.31
36,23,13.31
23,37,13.55
37,23,13.55
23,38,15.76
38,23,15.76
23,39,13.06
39,23,13.06
23,40,12.26
40,23,12.26
23,41,18.63
41,23,18.63
23,42,14.52
42,23,14.52
23,43,13.99
43,23,13.99
23,44,14.81
44,23,14.81
23,45,14.69
45,23,14.69
23,46,16.56
46,23,16.56
23,47,19.86
47,23,19.86
23,48,17.53
48,23,17.53
23,49,16.84
49,23,16.84
23,50,18.36
50,23,18.36
23,51,19.70
51,23,19.70
23,52,13.11
52,23,13.11
23,53,12.22
53,23,12.22
23,54,13.54
54,23,13.54
23,55,20.09
55,23,20.09
23,56,20.73
56,23,20.73
23,57,22.65
57,23,22.65
23,58,22.97
58,23,22.97
23,59,20.15
59,23,20.15
23,60,30.62
60,23,30.62
23,61,24.01
61,23,24.01
23,62,22.14
62,23,22.14
23,63,18.29
63,23,18.29
23,64,21.35
64,23,21.35
23,65,19.08
65,23,19.08
23,66,10.98
66,23,10.98
23,67,9.39
67,23,9.39
23,68,12.48
68,23,12.48
23,69,12.36
69,23,12.36
23,70,21.56
70,23,21.56
23,71,12.05
71,23,12.05
23,72,6.71
72,23,6.71
23,73,6.39
73,23,6.39
23,74,16.63
74,23,16.63
23,75,9.31
75,23,9.31
23,76,13.55
76,23,13.55
23,77,20.16
77,23,20.16
23,78,16.96
78,23,16.96
23,79,18.61
79,23,18.61
23,80,18.09
80,23,18.09
23,81,18.04
81,23,18.04
24,25,6.46
25,24,6.46
24,26,3.27
26,24,3.27
24,27,5.16
27,24,5.16
24,28,9.46
28,24,9.46
24,29,8.33
29,24,8.33
24,30,8.15
30,24,8.15
24,31,8.05
31,24,8.05
24,32,8.22
32,24,8.22
24,33,9.46
33,24,9.46
24,34,9.01
34,24,9.01
24,35,11.19
35,24,11.19
24,36,10.96
36,24,10.96
24,37,11.20
37,24,11.20
24,38,12.39
38,24,12.39
24,39,9.89
39,24,9.89
24,40,9.67
40,24,9.67
24,41,15.49
41,24,15.49
24,42,12.42
42,24,12.42
24,43,10.85
43,24,10.85
24,44,13.96
44,24,13.96
24,45,13.35
45,24,13.35
24,46,13.42
46,24,13.42
24,47,15.44
47,24,15.44
24,48,14.35
48,24,14.35
24,49,14.28
49,24,14.28
24,50,15.93
50,24,15.93
24,51,14.09
51,24,14.09
24,52,11.39
52,24,11.39
24,53,10.50
53,24,10.50
24,54,13.34
54,24,13.34
24,55,17.70
55,24,17.70
24,56,17.84
56,24,17.84
24,57,20.00
57,24,20.00
24,58,20.33
58,24,20.33
24,59,17.53
59,24,17.53
24,60,32.95
60,24,32.95
24,61,26.80
61,24,26.80
24,62,20.03
62,24,20.03
24,63,19.14
63,24,19.14
24,64,22.20
64,24,22.20
24,65,24.25
65,24,24.25
24,66,11.82
66,24,11.82
24,67,9.44
67,24,9.44
24,68,12.52
68,24,12.52
24,69,11.34
69,24,11.34
24,70,20.54
70,24,20.54
24,71,11.03
71,24,11.03
24,72,8.24
72,24,8.24
24,73,7.92
73,24,7.92
24,74,18.21
74,24,18.21
24,75,10.84
75,24,10.84
24,76,15.08
76,24,15.08
24,77,21.72
77,24,21.72
24,78,15.32
78,24,15.32
24,79,17.68
79,24,17.68
24,80,17.17
80,24,17.17
24,81,16.40
81,24,16.40
25,26,6.55
26,25,6.55
25,27,14.96
27,25,14.96
25,28,12.96
28,25,12.96
25,29,12.50
29,25,12.50
25,30,11.65
30,25,11.65
25,31,12.98
31,25,12.98
25,32,15.10
32,25,15.10
25,33,14.27
33,25,14.27
25,34,9.59
34,25,9.59
25,35,15.99
35,25,15.99
25,36,15.77
36,25,15.77
25,37,16.01
37,25,16.01
25,38,17.15
38,25,17.15
25,39,14.46
39,25,14.46
25,40,13.65
40,25,13.65
25,41,20.02
41,25,20.02
25,42,16.83
42,25,16.83
25,43,15.38
43,25,15.38
25,44,18.37
44,25,18.37
25,45,18.25
45,25,18.25
25,46,17.96
46,25,17.96
25,47,21.25
47,25,21.25
25,48,18.92
48,25,18.92
25,49,18.24
49,25,18.24
25,50,19.76
50,25,19.76
25,51,21.10
51,25,21.10
25,52,14.50
52,25,14.50
25,53,13.61
53,25,13.61
25,54,14.94
54,25,14.94
25,55,21.49
55,25,21.49
25,56,22.13
56,25,22.13
25,57,26.21
57,25,26.21
25,58,26.53
58,25,26.53
25,59,23.72
59,25,23.72
25,60,34.47
60,25,34.47
25,61,25.92
61,25,25.92
25,62,29.30
62,25,29.30
25,63,27.22
63,25,27.22
25,64,27.13
64,25,27.13
25,65,25.63
65,25,25.63
25,66,14.42
66,25,14.42
25,67,10.77
67,25,10.77
25,68,13.38
68,25,13.38
25,69,13.99
69,25,13.99
25,70,20.94
70,25,20.94
25,71,11.91
71,25,11.91
25,72,5.96
72,25,5.96
25,73,5.65
73,25,5.65
25,74,12.81
74,25,12.81
25,75,8.57
75,25,8.57
25,76,12.80
76,25,12.80
25,77,18.84
77,25,18.84
25,78,13.85
78,25,13.85
25,79,15.75
79,25,15.75
25,80,15.62
80,25,15.62
25,81,14.96
81,25,14.96
26,27,1.80
27,26,1.80
26,28,2.69
28,26,2.69
26,29,2.90
29,26,2.90
26,30,2.81
30,26,2.81
26,31,2.92
31,26,2.92
26,32,3.66
32,26,3.66
26,33,4.23
33,26,4.23
26,34,4.28
34,26,4.28
26,35,5.20
35,26,5.20
26,36,5.05
36,26,5.05
26,37,5.30
37,26,5.30
26,38,4.90
38,26,4.90
26,39,4.17
39,26,4.17
26,40,3.76
40,26,3.76
26,41,6.66
41,26,6.66
26,42,6.45
42,26,6.45
26,43,5.35
43,26,5.35
26,44,7.55
44,26,7.55
26,45,7.47
45,26,7.47
26,46,7.45
46,26,7.45
26,47,7.51
47,26,7.51
26,48,7.78
48,26,7.78
26,49,7.39
49,26,7.39
26,50,7.85
50,26,7.85
26,51,7.05
51,26,7.05
26,52,3.63
52,26,3.63
26,53,3.55
53,26,3.55
26,54,6.09
54,26,6.09
26,55,9.52
55,26,9.52
26,56,10.22
56,26,10.22
26,57,12.30
57,26,12.30
26,58,12.18
58,26,12.18
26,59,11.27
59,26,11.27
26,60,19.00
60,26,19.00
26,61,13.63
61,26,13.63
26,62,11.94
62,26,11.94
26,63,11.06
63,26,11.06
26,64,13.72
64,26,13.72
26,65,12.66
65,26,12.66
26,66,5.28
66,26,5.28
26,67,4.73
67,26,4.73
26,68,6.09
68,26,6.09
26,69,6.66
69,26,6.66
26,70,10.86
70,26,10.86
26,71,4.82
71,26,4.82
26,72,8.64
72,26,8.64
26,73,8.40
73,26,8.40
26,74,14.47
74,26,14.47
26,75,10.37
75,26,10.37
26,76,12.87
76,26,12.87
26,77,10.42
77,26,10.42
26,78,8.54
78,26,8.54
26,79,7.95
79,26,7.95
26,80,8.46
80,26,8.46
26,81,8.53
81,26,8.53
27,28,5.72
28,27,5.72
27,29,4.59
29,27,4.59
27,30,4.41
30,27,4.41
27,31,5.33
31,27,5.33
27,32,4.48
32,27,4.48
27,33,5.72
33,27,5.72
27,34,7.42
34,27,7.42
27,35,7.44
35,27,7.44
27,36,7.22
36,27,7.22
27,37,7.46
37,27,7.46
27,38,9.50
38,27,9.50
27,39,7.00
39,27,7.00
27,40,6.52
40,27,6.52
27,41,12.59
41,27,12.59
27,42,8.28
42,27,8.28
27,43,7.95
43,27,7.95
27,44,9.82
44,27,9.82
27,45,9.70
45,27,9.70
27,46,10.53
46,27,10.53
27,47,13.60
47,27,13.60
27,48,11.46
48,27,11.46
27,49,10.81
49,27,10.81
27,50,12.10
50,27,12.10
27,51,13.44
51,27,13.44
27,52,8.06
52,27,8.06
27,53,8.29
53,27,8.29
27,54,9.73
54,27,9.73
27,55,14.06
55,27,14.06
27,56,14.70
56,27,14.70
27,57,17.66
57,27,17.66
27,58,17.98
58,27,17.98
27,59,15.17
59,27,15.17
27,60,29.21
60,27,29.21
27,61,21.76
61,27,21.76
27,62,15.89
62,27,15.89
27,63,15.39
63,27,15.39
27,64,18.45
64,27,18.45
27,65,20.50
65,27,20.50
27,66,8.08
66,27,8.08
27,67,5.90
67,27,5.90
27,68,8.98
68,27,8.98
27,69,9.83
69,27,9.83
27,70,16.91
70,27,16.91
27,71,6.09
71,27,6.09
27,72,11.11
72,27,11.11
27,73,11.95
73,27,11.95
27,74,23.20
74,27,23.20
27,75,13.65
75,27,13.65
27,76,17.10
76,27,17.10
27,77,14.52
77,27,14.52
27,78,12.89
78,27,12.89
27,79,14.00
79,27,14.00
27,80,13.87
80,27,13.87
27,81,13.97
81,27,13.97
28,29,0.68
29,28,0.68
28,30,1.16
30,28,1.16
28,31,3.27
31,28,3.27
28,32,1.60
32,28,1.60
28,33,2.45
33,28,2.45
28,34,4.20
34,28,4.20
28,35,3.14
35,28,3.14
28,36,3.65
36,28,3.65
28,37,3.16
37,28,3.16
28,38,6.59
38,28,6.59
28,39,4.09
39,28,4.09
28,40,4.97
40,28,4.97
28,41,10.27
41,28,10.27
28,42,5.16
42,28,5.16
28,43,5.05
43,28,5.05
28,44,7.24
44,28,7.24
28,45,7.54
45,28,7.54
28,46,8.20
46,28,8.20
28,47,10.69
47,28,10.69
28,48,8.55
48,28,8.55
28,49,8.48
49,28,8.48
28,50,9.19
50,28,9.19
28,51,10.54
51,28,10.54
28,52,9.38
52,28,9.38
28,53,9.33
53,28,9.33
28,54,8.82
54,28,8.82
28,55,12.48
55,28,12.48
28,56,12.62
56,28,12.62
28,57,14.20
57,28,14.20
28,58,14.52
58,28,14.52
28,59,11.73
59,28,11.73
28,60,27.25
60,28,27.25
28,61,15.26
61,28,15.26
28,62,12.37
62,28,12.37
28,63,17.71
63,28,17.71
28,64,14.93
64,28,14.93
28,65,18.55
65,28,18.55
28,66,4.26
66,28,4.26
28,67,3.22
67,28,3.22
28,68,4.77
68,28,4.77
28,69,5.87
69,28,5.87
28,70,12.59
70,28,12.59
28,71,6.34
71,28,6.34
28,72,12.88
72,28,12.88
28,73,17.88
73,28,17.88
28,74,24.21
74,28,24.21
28,75,15.42
75,28,15.42
28,76,18.87
76,28,18.87
28,77,16.57
77,28,16.57
28,78,10.56
78,28,10.56
28,79,11.72
79,28,11.72
28,80,11.07
80,28,11.07
28,81,12.23
81,28,12.23
29,30,0.73
30,29,0.73
29,31,2.04
31,29,2.04
29,32,1.17
32,29,1.17
29,33,2.02
33,29,2.02
29,34,3.76
34,29,3.76
29,35,2.71
35,29,2.71
29,36,3.22
36,29,3.22
29,37,2.73
37,29,2.73
29,38,6.21
38,29,6.21
29,39,3.71
39,29,3.71
29,40,3.97
40,29,3.97
29,41,9.30
41,29,9.30
29,42,4.73
42,29,4.73
29,43,4.67
43,29,4.67
29,44,6.81
44,29,6.81
29,45,7.16
45,29,7.16
29,46,7.24
46,29,7.24
29,47,10.31
47,29,10.31
29,48,8.17
48,29,8.17
29,49,7.52
49,29,7.52
29,50,8.81
50,29,8.81
29,51,10.15
51,29,10.15
29,52,7.85
52,29,7.85
29,53,8.08
53,29,8.08
29,54,9.11
54,29,9.11
29,55,11.51
55,29,11.51
29,56,11.66
56,29,11.66
29,57,13.77
57,29,13.77
29,58,14.09
58,29,14.09
29,59,11.30
59,29,11.30
29,60,26.82
60,29,26.82
29,61,14.82
61,29,14.82
29,62,11.94
62,29,11.94
29,63,17.28
63,29,17.28
29,64,14.50
64,29,14.50
29,65,18.11
65,29,18.11
29,66,3.83
66,29,3.83
29,67,2.79
67,29,2.79
29,68,4.34
68,29,4.34
29,69,5.44
69,29,5.44
29,70,12.16
70,29,12.16
29,71,5.91
71,29,5.91
29,72,12.45
72,29,12.45
29,73,12.77
73,29,12.77
29,74,21.56
74,29,21.56
29,75,14.99
75,29,14.99
29,76,18.44
76,29,18.44
29,77,16.14
77,29,16.14
29,78,10.13
78,29,10.13
29,79,11.29
79,29,11.29
29,80,10.64
80,29,10.64
29,81,11.79
81,29,11.79
30,31,5.37
31,30,5.37
30,32,4.73
32,30,4.73
30,33,5.58
33,30,5.58
30,34,9.31
34,30,9.31
30,35,6.27
35,30,6.27
30,36,6.78
36,30,6.78
30,37,6.28
37,30,6.28
30,38,9.71
38,30,9.71
30,39,7.21
39,30,7.21
30,40,7.07
40,30,7.07
30,41,12.80
41,30,12.80
30,42,8.29
42,30,8.29
30,43,8.17
43,30,8.17
30,44,10.38
44,30,10.38
30,45,10.66
45,30,10.66
30,46,10.74
46,30,10.74
30,47,12.38
47,30,12.38
30,48,11.67
48,30,11.67
30,49,11.60
49,30,11.60
30,50,12.88
50,30,12.88
30,51,11.04
51,30,11.04
30,52,8.61
52,30,8.61
30,53,8.84
53,30,8.84
30,54,10.29
54,30,10.29
30,55,15.01
55,30,15.01
30,56,15.16
56,30,15.16
30,57,17.32
57,30,17.32
30,58,17.64
58,30,17.64
30,59,14.85
59,30,14.85
30,60,30.38
60,30,30.38
30,61,18.38
61,30,18.38
30,62,15.50
62,30,15.50
30,63,20.84
63,30,20.84
30,64,18.06
64,30,18.06
30,65,21.67
65,30,21.67
30,66,7.39
66,30,7.39
30,67,6.98
67,30,6.98
30,68,8.53
68,30,8.53
30,69,9.63
69,30,9.63
30,70,16.35
70,30,16.35
30,71,7.98
71,30,7.98
30,72,17.07
72,30,17.07
30,73,16.75
73,30,16.75
30,74,23.08
74,30,23.08
30,75,19.67
75,30,19.67
30,76,21.78
76,30,21.78
30,77,24.09
77,30,24.09
30,78,13.84
78,30,13.84
30,79,15.57
79,30,15.57
30,80,14.83
80,30,14.83
30,81,14.92
81,30,14.92
31,32,3.58
32,31,3.58
31,33,4.44
33,31,4.44
31,34,6.18
34,31,6.18
31,35,5.12
35,31,5.12
31,36,5.63
36,31,5.63
31,37,5.14
37,31,5.14
31,38,3.51
38,31,3.51
31,39,2.73
39,31,2.73
31,40,2.28
40,31,2.28
31,41,5.62
41,31,5.62
31,42,7.02
42,31,7.02
31,43,4.31
43,31,4.31
31,44,7.44
44,31,7.44
31,45,6.50
45,31,6.50
31,46,5.88
46,31,5.88
31,47,7.60
47,31,7.60
31,48,6.72
48,31,6.72
31,49,5.96
49,31,5.96
31,50,8.09
50,31,8.09
31,51,6.26
51,31,6.26
31,52,7.87
52,31,7.87
31,53,8.48
53,31,8.48
31,54,6.13
54,31,6.13
31,55,8.56
55,31,8.56
31,56,10.34
56,31,10.34
31,57,11.08
57,31,11.08
31,58,14.90
58,31,14.90
31,59,12.09
59,31,12.09
31,60,26.82
60,31,26.82
31,61,17.24
61,31,17.24
31,62,19.63
62,31,19.63
31,63,17.28
63,31,17.28
31,64,19.67
64,31,19.67
31,65,18.12
65,31,18.12
31,66,6.24
66,31,6.24
31,67,5.20
67,31,5.20
31,68,6.75
68,31,6.75
31,69,7.85
69,31,7.85
31,70,14.57
70,31,14.57
31,71,8.32
71,31,8.32
31,72,18.66
72,31,18.66
31,73,16.60
73,31,16.60
31,74,26.10
74,31,26.10
31,75,21.26
75,31,21.26
31,76,23.37
76,31,23.37
31,77,18.55
77,31,18.55
31,78,12.54
78,31,12.54
31,79,13.70
79,31,13.70
31,80,13.05
80,31,13.05
31,81,14.21
81,31,14.21
32,33,1.58
33,32,1.58
32,34,3.34
34,32,3.34
32,35,2.44
35,32,2.44
32,36,2.22
36,32,2.22
32,37,2.45
37,32,2.45
32,38,5.72
38,32,5.72
32,39,3.30
39,32,3.30
32,40,3.86
40,32,3.86
32,41,8.82
41,32,8.82
32,42,4.34
42,32,4.34
32,43,4.17
43,32,4.17
32,44,6.38
44,32,6.38
32,45,6.68
45,32,6.68
32,46,6.76
46,32,6.76
32,47,9.82
47,32,9.82
32,48,7.68
48,32,7.68
32,49,7.04
49,32,7.04
32,50,8.33
50,32,8.33
32,51,9.66
51,32,9.66
32,52,8.20
52,32,8.20
32,53,8.42
53,32,8.42
32,54,8.70
54,32,8.70
32,55,11.03
55,32,11.03
32,56,11.18
56,32,11.18
32,57,13.37
57,32,13.37
32,58,13.70
58,32,13.70
32,59,10.91
59,32,10.91
32,60,23.74
60,32,23.74
32,61,15.16
61,32,15.16
32,62,11.55
62,32,11.55
32,63,11.41
63,32,11.41
32,64,14.23
64,32,14.23
32,65,12.20
65,32,12.20
32,66,2.22
66,32,2.22
32,67,3.23
67,32,3.23
32,68,5.57
68,32,5.57
32,69,5.74
69,32,5.74
32,70,13.65
70,32,13.65
32,71,5.48
71,32,5.48
32,72,13.76
72,32,13.76
32,73,14.08
73,32,14.08
32,74,22.87
74,32,22.87
32,75,19.95
75,32,19.95
32,76,29.02
76,32,29.02
32,77,15.71
77,32,15.71
32,78,9.70
78,32,9.70
32,79,10.85
79,32,10.85
32,80,10.19
80,32,10.19
32,81,11.37
81,32,11.37
33,34,2.93
34,33,2.93
33,35,0.99
35,33,0.99
33,36,0.87
36,33,0.87
33,37,1.08
37,33,1.08
33,38,1.93
38,33,1.93
33,39,1.37
39,33,1.37
33,40,1.83
40,33,1.83
33,41,3.04
41,33,3.04
33,42,2.30
42,33,2.30
33,43,1.98
43,33,1.98
33,44,3.61
44,33,3.61
33,45,3.66
45,33,3.66
33,46,3.77
46,33,3.77
33,47,4.36
47,33,4.36
33,48,4.30
48,33,4.30
33,49,3.79
49,33,3.79
33,50,4.60
50,33,4.60
33,51,3.97
51,33,3.97
33,52,3.45
52,33,3.45
33,53,3.77
53,33,3.77
33,54,4.04
54,33,4.04
33,55,5.88
55,33,5.88
33,56,6.59
56,33,6.59
33,57,8.44
57,33,8.44
33,58,8.31
58,33,8.31
33,59,7.41
59,33,7.41
33,60,14.78
60,33,14.78
33,61,9.53
61,33,9.53
33,62,7.76
62,33,7.76
33,63,6.84
63,33,6.84
33,64,9.51
64,33,9.51
33,65,8.43
65,33,8.43
33,66,1.22
66,33,1.22
33,67,1.92
67,33,1.92
33,68,2.73
68,33,2.73
33,69,3.84
69,33,3.84
33,70,7.40
70,33,7.40
33,71,3.18
71,33,3.18
33,72,11.90
72,33,11.90
33,73,11.80
73,33,11.80
33,74,18.02
74,33,18.02
33,75,13.41
75,33,13.41
33,76,15.57
76,33,15.57
33,77,10.88
77,33,10.88
33,78,7.13
78,33,7.13
33,79,5.89
79,33,5.89
33,80,6.20
80,33,6.20
33,81,6.83
81,33,6.83
34,35,4.34
35,34,4.34
34,36,4.26
36,34,4.26
34,37,4.36
37,34,4.36
34,38,7.32
38,34,7.32
34,39,10.19
39,34,10.19
34,40,6.86
40,34,6.86
34,41,11.96
41,34,11.96
34,42,6.72
42,34,6.72
34,43,6.11
43,34,6.11
34,44,8.66
44,34,8.66
34,45,8.97
45,34,8.97
34,46,9.04
46,34,9.04
34,47,11.73
47,34,11.73
34,48,10.82
48,34,10.82
34,49,9.32
49,34,9.32
34,50,10.23
50,34,10.23
34,51,11.60
51,34,11.60
34,52,10.74
52,34,10.74
34,53,10.96
53,34,10.96
34,54,9.06
54,34,9.06
34,55,13.32
55,34,13.32
34,56,13.46
56,34,13.46
34,57,14.75
57,34,14.75
34,58,15.08
58,34,15.08
34,59,14.65
59,34,14.65
34,60,25.68
60,34,25.68
34,61,14.12
61,34,14.12
34,62,18.93
62,34,18.93
34,63,15.55
63,34,15.55
34,64,17.90
64,34,17.90
34,65,17.08
65,34,17.08
34,66,6.01
66,34,6.01
34,67,2.59
67,34,2.59
34,68,3.64
68,34,3.64
34,69,3.89
69,34,3.89
34,70,11.70
70,34,11.70
34,71,2.36
71,34,2.36
34,72,17.38
72,34,17.38
34,73,17.70
73,34,17.70
34,74,26.84
74,34,26.84
34,75,20.15
75,34,20.15
34,76,29.22
76,34,29.22
34,77,11.39
77,34,11.39
34,78,8.46
78,34,8.46
34,79,8.90
79,34,8.90
34,80,8.38
80,34,8.38
34,81,8.56
81,34,8.56
35,36,0.28
36,35,0.28
35,37,0.02
37,35,0.02
35,38,3.46
38,35,3.46
35,39,6.32
39,35,6.32
35,40,3.63
40,35,3.63
35,41,6.90
41,35,6.90
35,42,2.38
42,35,2.38
35,43,2.26
43,35,2.26
35,44,4.45
44,35,4.45
35,45,4.75
45,35,4.75
35,46,4.83
46,35,4.83
35,47,7.90
47,35,7.90
35,48,5.76
48,35,5.76
35,49,5.11
49,35,5.11
35,50,6.41
50,35,6.41
35,51,7.75
51,35,7.75
35,52,7.51
52,35,7.51
35,53,7.64
53,35,7.64
35,54,5.19
54,35,5.19
35,55,9.11
55,35,9.11
35,56,9.25
56,35,9.25
35,57,11.41
57,35,11.41
35,58,11.74
58,35,11.74
35,59,8.94
59,35,8.94
35,60,21.65
60,35,21.65
35,61,13.39
61,35,13.39
35,62,9.59
62,35,9.59
35,63,9.33
63,35,9.33
35,64,12.15
64,35,12.15
35,65,14.61
65,35,14.61
35,66,1.29
66,35,1.29
35,67,3.69
67,35,3.69
35,68,4.98
68,35,4.98
35,69,5.16
69,35,5.16
35,70,9.73
70,35,9.73
35,71,6.81
71,35,6.81
35,72,18.13
72,35,18.13
35,73,16.67
73,35,16.67
35,74,25.46
74,35,25.46
35,75,20.90
75,35,20.90
35,76,29.97
76,35,29.97
35,77,17.04
77,35,17.04
35,78,12.76
78,35,12.76
35,79,10.26
79,35,10.26
35,80,9.61
80,35,9.61
35,81,10.64
81,35,10.64
36,37,0.37
37,36,0.37
36,38,4.50
38,36,4.50
36,39,2.98
39,36,2.98
36,40,3.55
40,36,3.55
36,41,7.25
41,36,7.25
36,42,2.72
42,36,2.72
36,43,2.96
43,36,2.96
36,44,4.80
44,36,4.80
36,45,5.10
45,36,5.10
36,46,5.18
46,36,5.18
36,47,8.25
47,36,8.25
36,48,6.11
48,36,6.11
36,49,5.46
49,36,5.46
36,50,6.76
50,36,6.76
36,51,8.45
51,36,8.45
36,52,7.42
52,36,7.42
36,53,7.56
53,36,7.56
36,54,7.41
54,36,7.41
36,55,9.46
55,36,9.46
36,56,9.60
56,36,9.60
36,57,11.76
57,36,11.76
36,58,12.08
58,36,12.08
36,59,9.29
59,36,9.29
36,60,22.00
60,36,22.00
36,61,13.65
61,36,13.65
36,62,9.93
62,36,9.93
36,63,9.68
63,36,9.68
36,64,12.49
64,36,12.49
36,65,14.89
65,36,14.89
36,66,1.38
66,36,1.38
36,67,3.41
67,36,3.41
36,68,5.07
68,36,5.07
36,69,5.24
69,36,5.24
36,70,9.81
70,36,9.81
36,71,6.54
71,36,6.54
36,72,17.86
72,36,17.86
36,73,16.39
73,36,16.39
36,74,25.18
74,36,25.18
36,75,20.62
75,36,20.62
36,76,29.70
76,36,29.70
36,77,16.77
77,36,16.77
36,78,12.84
78,36,12.84
36,79,10.34
79,36,10.34
36,80,9.69
80,36,9.69
36,81,10.73
81,36,10.73
37,38,3.48
38,37,3.48
37,39,6.34
39,37,6.34
37,40,3.65
40,37,3.65
37,41,6.91
41,37,6.91
37,42,2.39
42,37,2.39
37,43,2.28
43,37,2.28
37,44,4.47
44,37,4.47
37,45,4.77
45,37,4.77
37,46,4.85
46,37,4.85
37,47,7.92
47,37,7.92
37,48,5.78
48,37,5.78
37,49,5.13
49,37,5.13
37,50,6.42
50,37,6.42
37,51,7.76
51,37,7.76
37,52,7.53
52,37,7.53
37,53,7.66
53,37,7.66
37,54,5.21
54,37,5.21
37,55,9.12
55,37,9.12
37,56,9.27
56,37,9.27
37,57,11.43
57,37,11.43
37,58,11.75
58,37,11.75
37,59,8.96
59,37,8.96
37,60,21.67
60,37,21.67
37,61,13.35
61,37,13.35
37,62,9.60
62,37,9.60
37,63,9.34
63,37,9.34
37,64,12.16
64,37,12.16
37,65,14.60
65,37,14.60
37,66,1.31
66,37,1.31
37,67,3.71
67,37,3.71
37,68,5.00
68,37,5.00
37,69,5.17
69,37,5.17
37,70,9.69
70,37,9.69
37,71,6.83
71,37,6.83
37,72,18.15
72,37,18.15
37,73,16.68
73,37,16.68
37,74,25.47
74,37,25.47
37,75,20.92
75,37,20.92
37,76,29.99
76,37,29.99
37,77,17.06
77,37,17.06
37,78,12.78
78,37,12.78
37,79,10.27
79,37,10.27
37,80,9.62
80,37,9.62
37,81,10.66
81,37,10.66
38,39,1.83
39,38,1.83
38,40,1.19
40,38,1.19
38,41,2.01
41,38,2.01
38,42,3.97
42,38,3.97
38,43,1.39
43,38,1.39
38,44,4.44
44,38,4.44
38,45,3.38
45,38,3.38
38,46,2.97
46,38,2.97
38,47,4.21
47,38,4.21
38,48,4.16
48,38,4.16
38,49,3.41
49,38,3.41
38,50,4.71
50,38,4.71
38,51,2.87
51,38,2.87
38,52,5.09
52,38,5.09
38,53,5.32
53,38,5.32
38,54,3.01
54,38,3.01
38,55,6.00
55,38,6.00
38,56,7.79
56,38,7.79
38,57,8.53
57,38,8.53
38,58,12.14
58,38,12.14
38,59,9.33
59,38,9.33
38,60,22.49
60,38,22.49
38,61,15.84
61,38,15.84
38,62,10.67
62,38,10.67
38,63,10.16
63,38,10.16
38,64,13.23
64,38,13.23
38,65,10.96
65,38,10.96
38,66,4.15
66,38,4.15
38,67,5.61
67,38,5.61
38,68,6.20
68,38,6.20
38,69,8.09
69,38,8.09
38,70,12.18
70,38,12.18
38,71,9.54
71,38,9.54
38,72,15.90
72,38,15.90
38,73,16.22
73,38,16.22
38,74,27.62
74,38,27.62
38,75,18.44
75,38,18.44
38,76,22.62
76,38,22.62
38,77,26.82
77,38,26.82
38,78,12.95
78,38,12.95
38,79,13.19
79,38,13.19
38,80,12.54
80,38,12.54
38,81,14.61
81,38,14.61
39,40,0.89
40,39,0.89
39,41,3.49
41,39,3.49
39,42,4.13
42,39,4.13
39,43,2.18
43,39,2.18
39,44,5.31
44,39,5.31
39,45,4.37
45,39,4.37
39,46,3.75
46,39,3.75
39,47,5.47
47,39,5.47
39,48,4.59
48,39,4.59
39,49,3.83
49,39,3.83
39,50,5.96
50,39,5.96
39,51,4.13
51,39,4.13
39,52,4.92
52,39,4.92
39,53,5.14
53,39,5.14
39,54,4.57
54,39,4.57
39,55,6.43
55,39,6.43
39,56,8.21
56,39,8.21
39,57,8.95
57,39,8.95
39,58,12.77
58,39,12.77
39,59,9.96
59,39,9.96
39,60,25.11
60,39,25.11
39,61,16.51
61,39,16.51
39,62,12.45
62,39,12.45
39,63,12.58
63,39,12.58
39,64,15.01
64,39,15.01
39,65,13.37
65,39,13.37
39,66,3.71
66,39,3.71
39,67,4.72
67,39,4.72
39,68,7.03
68,39,7.03
39,69,7.20
69,39,7.20
39,70,12.99
70,39,12.99
39,71,8.66
71,39,8.66
39,72,15.71
72,39,15.71
39,73,16.03
73,39,16.03
39,74,27.53
74,39,27.53
39,75,18.25
75,39,18.25
39,76,21.79
76,39,21.79
39,77,25.94
77,39,25.94
39,78,12.06
78,39,12.06
39,79,12.30
79,39,12.30
39,80,11.65
80,39,11.65
39,81,13.73
81,39,13.73
40,41,3.86
41,40,3.86
40,42,4.82
42,40,4.82
40,43,2.54
43,40,2.54
40,44,5.68
44,40,5.68
40,45,4.73
45,40,4.73
40,46,4.12
46,40,4.12
40,47,5.49
47,40,5.49
40,48,5.10
48,40,5.10
40,49,4.34
49,40,4.34
40,50,6.73
50,40,6.73
40,51,4.15
51,40,4.15
40,52,4.36
52,40,4.36
40,53,4.59
53,40,4.59
40,54,4.28
54,40,4.28
40,55,6.94
55,40,6.94
40,56,8.72
56,40,8.72
40,57,9.46
57,40,9.46
40,58,13.28
58,40,13.28
40,59,10.47
59,40,10.47
40,60,25.60
60,40,25.60
40,61,17.20
61,40,17.20
40,62,12.81
62,40,12.81
40,63,13.27
63,40,13.27
40,64,15.49
64,40,15.49
40,65,14.07
65,40,14.07
40,66,4.40
66,40,4.40
40,67,5.35
67,40,5.35
40,68,7.72
68,40,7.72
40,69,7.89
69,40,7.89
40,70,13.68
70,40,13.68
40,71,9.29
71,40,9.29
40,72,14.61
72,40,14.61
40,73,14.93
73,40,14.93
40,74,26.43
74,40,26.43
40,75,17.15
75,40,17.15
40,76,20.60
76,40,20.60
40,77,26.57
77,40,26.57
40,78,12.69
78,40,12.69
40,79,12.93
79,40,12.93
40,80,12.28
80,40,12.28
40,81,14.36
81,40,14.36
41,42,1.99
42,41,1.99
41,43,2.69
43,41,2.69
41,44,2.31
44,41,2.31
41,45,1.37
45,41,1.37
41,46,0.96
46,41,0.96
41,47,2.28
47,41,2.28
41,48,1.79
48,41,1.79
41,49,1.04
49,41,1.04
41,50,2.33
50,41,2.33
41,51,2.23
51,41,2.23
41,52,5.78
52,41,5.78
41,53,6.01
53,41,6.01
41,54,3.85
54,41,3.85
41,55,3.63
55,41,3.63
41,56,5.42
56,41,5.42
41,57,6.15
57,41,6.15
41,58,9.77
58,41,9.77
41,59,6.96
59,41,6.96
41,60,20.45
60,41,20.45
41,61,13.24
61,41,13.24
41,62,8.62
62,41,8.62
41,63,8.33
63,41,8.33
41,64,11.19
64,41,11.19
41,65,8.92
65,41,8.92
41,66,5.35
66,41,5.35
41,67,7.48
67,41,7.48
41,68,7.39
68,41,7.39
41,69,9.21
69,41,9.21
41,70,10.40
70,41,10.40
41,71,11.31
71,41,11.31
41,72,17.44
72,41,17.44
41,73,17.76
73,41,17.76
41,74,26.55
74,41,26.55
41,75,19.98
75,41,19.98
41,76,23.43
76,41,23.43
41,77,29.05
77,41,29.05
41,78,16.85
78,41,16.85
41,79,17.17
79,41,17.17
41,80,12.56
80,41,12.56
41,81,16.95
81,41,16.95
42,43,2.21
43,42,2.21
42,44,2.47
44,42,2.47
42,45,2.38
45,42,2.38
42,46,2.46
46,42,2.46
42,47,4.07
47,42,4.07
42,48,3.41
48,42,3.41
42,49,2.76
49,42,2.76
42,50,4.06
50,42,4.06
42,51,6.30
51,42,6.30
42,52,7.94
52,42,7.94
42,53,8.28
53,42,8.28
42,54,5.14
54,42,5.14
42,55,6.63
55,42,6.63
42,56,7.26
56,42,7.26
42,57,9.44
57,42,9.44
42,58,9.77
58,42,9.77
42,59,6.98
59,42,6.98
42,60,19.44
60,42,19.44
42,61,12.91
61,42,12.91
42,62,7.62
62,42,7.62
42,63,7.11
63,42,7.11
42,64,10.18
64,42,10.18
42,65,7.91
65,42,7.91
42,66,3.61
66,42,3.61
42,67,5.74
67,42,5.74
42,68,5.57
68,42,5.57
42,69,6.21
69,42,6.21
42,70,9.91
70,42,9.91
42,71,9.58
71,42,9.58
42,72,16.57
72,42,16.57
42,73,17.77
73,42,17.77
42,74,26.56
74,42,26.56
42,75,19.11
75,42,19.11
42,76,23.16
76,42,23.16
42,77,27.31
77,42,27.31
42,78,13.09
78,42,13.09
42,79,11.76
79,42,11.76
42,80,11.11
80,42,11.11
42,81,11.92
81,42,11.92
43,44,3.61
44,43,3.61
43,45,2.67
45,43,2.67
43,46,2.26
46,43,2.26
43,47,3.14
47,43,3.14
43,48,3.09
48,43,3.09
43,49,2.34
49,43,2.34
43,50,3.63
50,43,3.63
43,51,2.56
51,43,2.56
43,52,5.74
52,43,5.74
43,53,5.96
53,43,5.96
43,54,2.93
54,43,2.93
43,55,4.93
55,43,4.93
43,56,6.72
56,43,6.72
43,57,7.45
57,43,7.45
43,58,11.07
58,43,11.07
43,59,8.26
59,43,8.26
43,60,21.75
60,43,21.75
43,61,14.80
61,43,14.80
43,62,9.92
62,43,9.92
43,63,9.62
63,43,9.62
43,64,12.48
64,43,12.48
43,65,10.21
65,43,10.21
43,66,4.77
66,43,4.77
43,67,6.08
67,43,6.08
43,68,6.82
68,43,6.82
43,69,8.64
69,43,8.64
43,70,13.84
70,43,13.84
43,71,10.02
71,43,10.02
43,72,16.62
72,43,16.62
43,73,16.94
73,43,16.94
43,74,28.33
74,43,28.33
43,75,19.16
75,43,19.16
43,76,23.34
76,43,23.34
43,77,27.30
77,43,27.30
43,78,14.25
78,43,14.25
43,79,13.74
79,43,13.74
43,80,11.93
80,43,11.93
43,81,14.50
81,43,14.50
44,45,1.12
45,44,1.12
44,46,1.24
46,44,1.24
44,47,3.43
47,44,3.43
44,48,4.05
48,44,4.05
44,49,1.52
49,44,1.52
44,50,2.98
50,44,2.98
44,51,3.73
51,44,3.73
44,52,7.22
52,44,7.22
44,53,7.45
53,44,7.45
44,54,5.36
54,44,5.36
44,55,4.44
55,44,4.44
44,56,4.95
56,44,4.95
44,57,5.70
57,44,5.70
44,58,6.02
58,44,6.02
44,59,4.74
59,44,4.74
44,60,19.80
60,44,19.80
44,61,13.09
61,44,13.09
44,62,8.44
62,44,8.44
44,63,8.40
63,44,8.40
44,64,10.08
64,44,10.08
44,65,10.32
65,44,10.32
44,66,6.28
66,44,6.28
44,67,8.42
67,44,8.42
44,68,8.33
68,44,8.33
44,69,10.14
69,44,10.14
44,70,16.64
70,44,16.64
44,71,12.25
71,44,12.25
44,72,18.38
72,44,18.38
44,73,18.70
73,44,18.70
44,74,27.50
74,44,27.50
44,75,20.91
75,44,20.91
44,76,24.37
76,44,24.37
44,77,29.99
77,44,29.99
44,78,17.78
78,44,17.78
44,79,18.11
79,44,18.11
44,80,13.60
80,44,13.60
44,81,17.88
81,44,17.88
45,46,0.53
46,45,0.53
45,47,2.34
47,45,2.34
45,48,1.87
48,45,1.87
45,49,0.84
49,45,0.84
45,50,2.42
50,45,2.42
45,51,3.05
51,45,3.05
45,52,6.59
52,45,6.59
45,53,6.82
53,45,6.82
45,54,4.68
54,45,4.68
45,55,3.20
55,45,3.20
45,56,4.99
56,45,4.99
45,57,5.72
57,45,5.72
45,58,6.04
58,45,6.04
45,59,4.76
59,45,4.76
45,60,20.43
60,45,20.43
45,61,13.73
61,45,13.73
45,62,9.07
62,45,9.07
45,63,9.03
63,45,9.03
45,64,10.71
64,45,10.71
45,65,10.95
65,45,10.95
45,66,6.13
66,45,6.13
45,67,8.26
67,45,8.26
45,68,8.17
68,45,8.17
45,69,9.99
69,45,9.99
45,70,17.28
70,45,17.28
45,71,12.10
71,45,12.10
45,72,18.22
72,45,18.22
45,73,18.54
73,45,18.54
45,74,27.33
74,45,27.33
45,75,20.76
75,45,20.76
45,76,24.21
76,45,24.21
45,77,29.83
77,45,29.83
45,78,17.63
78,45,17.63
45,79,17.96
79,45,17.96
45,80,13.45
80,45,13.45
45,81,17.73
81,45,17.73
46,47,1.81
47,46,1.81
46,48,1.35
48,46,1.35
46,49,0.31
49,46,0.31
46,50,1.89
50,46,1.89
46,51,2.53
51,46,2.53
46,52,6.07
52,46,6.07
46,53,6.30
53,46,6.30
46,54,4.15
54,46,4.15
46,55,3.27
55,46,3.27
46,56,5.06
56,46,5.06
46,57,5.80
57,46,5.80
46,58,6.12
58,46,6.12
46,59,4.84
59,46,4.84
46,60,20.84
60,46,20.84
46,61,14.14
61,46,14.14
46,62,9.48
62,46,9.48
46,63,9.44
63,46,9.44
46,64,11.12
64,46,11.12
46,65,11.35
65,46,11.35
46,66,6.53
66,46,6.53
46,67,8.67
67,46,8.67
46,68,8.58
68,46,8.58
46,69,10.39
69,46,10.39
46,70,17.69
70,46,17.69
46,71,12.50
71,46,12.50
46,72,18.63
72,46,18.63
46,73,18.95
73,46,18.95
46,74,27.74
74,46,27.74
46,75,21.17
75,46,21.17
46,76,24.62
76,46,24.62
46,77,30.24
77,46,30.24
46,78,18.03
78,46,18.03
46,79,18.36
79,46,18.36
46,80,13.85
80,46,13.85
46,81,18.13
81,46,18.13
47,48,0.89
48,47,0.89
47,49,1.50
49,47,1.50
47,50,0.33
50,47,0.33
47,51,1.11
51,47,1.11
47,52,5.09
52,47,5.09
47,53,5.32
53,47,5.32
47,54,3.26
54,47,3.26
47,55,2.42
55,47,2.42
47,56,2.95
56,47,2.95
47,57,6.43
57,47,6.43
47,58,6.80
58,47,6.80
47,59,4.73
59,47,4.73
47,60,22.54
60,47,22.54
47,61,16.30
61,47,16.30
47,62,10.38
62,47,10.38
47,63,8.25
63,47,8.25
47,64,12.02
64,47,12.02
47,65,11.74
65,47,11.74
47,66,7.20
66,47,7.20
47,67,12.13
67,47,12.13
47,68,9.77
68,47,9.77
47,69,11.59
69,47,11.59
47,70,19.19
70,47,19.19
47,71,13.36
71,47,13.36
47,72,20.12
72,47,20.12
47,73,22.48
73,47,22.48
47,74,29.70
74,47,29.70
47,75,23.68
75,47,23.68
47,76,27.92
76,47,27.92
47,77,21.76
77,47,21.76
47,78,16.98
78,47,16.98
47,79,16.69
79,47,16.69
47,80,14.36
80,47,14.36
47,81,17.45
81,47,17.45
48,49,1.04
49,48,1.04
48,50,1.10
50,48,1.10
48,51,1.75
51,48,1.75
48,52,5.73
52,48,5.73
48,53,5.96
53,48,5.96
48,54,3.37
54,48,3.37
48,55,2.79
55,48,2.79
48,56,3.32
56,48,3.32
48,57,6.80
57,48,6.80
48,58,7.16
58,48,7.16
48,59,5.09
59,48,5.09
48,60,22.30
60,48,22.30
48,61,15.60
61,48,15.60
48,62,10.94
62,48,10.94
48,63,10.90
63,48,10.90
48,64,12.58
64,48,12.58
48,65,12.81
65,48,12.81
48,66,7.15
66,48,7.15
48,67,11.44
67,48,11.44
48,68,8.85
68,48,8.85
48,69,10.66
69,48,10.66
48,70,18.86
70,48,18.86
48,71,12.67
71,48,12.67
48,72,20.76
72,48,20.76
48,73,23.11
73,48,23.11
48,74,30.34
74,48,30.34
48,75,24.31
75,48,24.31
48,76,25.98
76,48,25.98
48,77,29.95
77,48,29.95
48,78,18.30
78,48,18.30
48,79,18.63
79,48,18.63
48,80,14.12
80,48,14.12
48,81,18.40
81,48,18.40
49,50,1.58
50,49,1.58
49,51,2.21
51,49,2.21
49,52,5.76
52,49,5.76
49,53,5.99
53,49,5.99
49,54,3.84
54,49,3.84
49,55,3.26
55,49,3.26
49,56,3.79
56,49,3.79
49,57,6.22
57,49,6.22
49,58,6.54
58,49,6.54
49,59,5.26
59,49,5.26
49,60,21.26
60,49,21.26
49,61,14.56
61,49,14.56
49,62,9.90
62,49,9.90
49,63,9.86
63,49,9.86
49,64,11.54
64,49,11.54
49,65,11.78
65,49,11.78
49,66,6.04
66,49,6.04
49,67,8.17
67,49,8.17
49,68,8.10
68,49,8.10
49,69,9.91
69,49,9.91
49,70,18.09
70,49,18.09
49,71,12.01
71,49,12.01
49,72,18.98
72,49,18.98
49,73,19.30
73,49,19.30
49,74,30.67
74,49,30.67
49,75,21.51
75,49,21.51
49,76,25.69
76,49,25.69
49,77,29.74
77,49,29.74
49,78,17.55
78,49,17.55
49,79,17.88
79,49,17.88
49,80,13.37
80,49,13.37
49,81,17.65
81,49,17.65
50,51,1.44
51,50,1.44
50,52,5.42
52,50,5.42
50,53,5.65
53,50,5.65
50,54,3.58
54,50,3.58
50,55,2.10
55,50,2.10
50,56,2.62
56,50,2.62
50,57,6.11
57,50,6.11
50,58,6.47
58,50,6.47
50,59,4.40
59,50,4.40
50,60,22.21
60,50,22.21
50,61,15.97
61,50,15.97
50,62,10.05
62,50,10.05
50,63,7.93
63,50,7.93
50,64,11.69
64,50,11.69
50,65,11.42
65,50,11.42
50,66,7.54
66,50,7.54
50,67,12.47
67,50,12.47
50,68,9.18
68,50,9.18
50,69,11.00
69,50,11.00
50,70,19.42
70,50,19.42
50,71,14.78
71,50,14.78
50,72,20.45
72,50,20.45
50,73,22.81
73,50,22.81
50,74,30.03
74,50,30.03
50,75,24.01
75,50,24.01
50,76,28.25
76,50,28.25
50,77,22.10
77,50,22.10
50,78,18.64
78,50,18.64
50,79,18.97
79,50,18.97
50,80,14.45
80,50,14.45
50,81,18.74
81,50,18.74
51,52,4.95
52,51,4.95
51,53,5.18
53,51,5.18
51,54,2.60
54,51,2.60
51,55,2.80
55,51,2.80
51,56,3.33
56,51,3.33
51,57,6.81
57,51,6.81
51,58,7.17
58,51,7.17
51,59,5.10
59,51,5.10
51,60,21.77
60,51,21.77
51,61,14.62
61,51,14.62
51,62,9.94
62,51,9.94
51,63,9.70
63,51,9.70
51,64,12.50
64,51,12.50
51,65,10.23
65,51,10.23
51,66,7.05
66,51,7.05
51,67,11.35
67,51,11.35
51,68,9.63
68,51,9.63
51,69,11.44
69,51,11.44
51,70,13.66
70,51,13.66
51,71,12.57
71,51,12.57
51,72,19.28
72,51,19.28
51,73,19.59
73,51,19.59
51,74,30.96
74,51,30.96
51,75,21.71
75,51,21.71
51,76,25.89
76,51,25.89
51,77,29.85
77,51,29.85
51,78,16.84
78,51,16.84
51,79,16.55
79,51,16.55
51,80,14.22
80,51,14.22
51,81,17.31
81,51,17.31
52,53,0.47
53,52,0.47
52,54,2.87
54,52,2.87
52,55,8.32
55,52,8.32
52,56,8.71
56,52,8.71
52,57,12.33
57,52,12.33
52,58,12.69
58,52,12.69
52,59,10.62
59,52,10.62
52,60,26.17
60,52,26.17
52,61,19.52
61,52,19.52
52,62,14.35
62,52,14.35
52,63,14.05
63,52,14.05
52,64,16.91
64,52,16.91
52,65,14.64
65,52,14.64
52,66,7.73
66,52,7.73
52,67,9.89
67,52,9.89
52,68,11.05
68,52,11.05
52,69,12.54
69,52,12.54
52,70,17.02
70,52,17.02
52,71,12.15
71,52,12.15
52,72,17.19
72,52,17.19
52,73,19.55
73,52,19.55
52,74,25.97
74,52,25.97
52,75,20.75
75,52,20.75
52,76,24.50
76,52,24.50
52,77,20.38
77,52,20.38
52,78,18.01
78,52,18.01
52,79,18.39
79,52,18.39
52,80,17.74
80,52,17.74
52,81,18.89
81,52,18.89
53,54,3.13
54,53,3.13
53,55,8.57
55,53,8.57
53,56,8.96
56,53,8.96
53,57,12.58
57,53,12.58
53,58,12.95
58,53,12.95
53,59,10.88
59,53,10.88
53,60,26.43
60,53,26.43
53,61,19.78
61,53,19.78
53,62,14.61
62,53,14.61
53,63,14.31
63,53,14.31
53,64,17.17
64,53,17.17
53,65,14.90
65,53,14.90
53,66,7.99
66,53,7.99
53,67,10.14
67,53,10.14
53,68,11.30
68,53,11.30
53,69,12.79
69,53,12.79
53,70,17.28
70,53,17.28
53,71,12.40
71,53,12.40
53,72,17.44
72,53,17.44
53,73,19.80
73,53,19.80
53,74,26.22
74,53,26.22
53,75,21.00
75,53,21.00
53,76,24.75
76,53,24.75
53,77,20.63
77,53,20.63
53,78,18.27
78,53,18.27
53,79,18.64
79,53,18.64
53,80,17.99
80,53,17.99
53,81,19.15
81,53,19.15
54,55,4.73
55,54,4.73
54,56,5.26
56,54,5.26
54,57,8.74
57,54,8.74
54,58,9.11
58,54,9.11
54,59,7.11
59,54,7.11
54,60,24.07
60,54,24.07
54,61,17.42
61,54,17.42
54,62,12.24
62,54,12.24
54,63,11.94
63,54,11.94
54,64,14.80
64,54,14.80
54,65,12.54
65,54,12.54
54,66,7.13
66,54,7.13
54,67,8.04
67,54,8.04
54,68,9.18
68,54,9.18
54,69,11.07
69,54,11.07
54,70,15.29
70,54,15.29
54,71,14.10
71,54,14.10
54,72,18.74
72,54,18.74
54,73,21.10
73,54,21.10
54,74,27.52
74,54,27.52
54,75,22.30
75,54,22.30
54,76,26.37
76,54,26.37
54,77,21.53
77,54,21.53
54,78,15.39
78,54,15.39
54,79,16.17
79,54,16.17
54,80,15.52
80,54,15.52
54,81,17.53
81,54,17.53
55,56,0.86
56,55,0.86
55,57,4.76
57,55,4.76
55,58,5.12
58,55,5.12
55,59,3.05
59,55,3.05
55,60,19.70
60,55,19.70
55,61,14.53
61,55,14.53
55,62,8.57
62,55,8.57
55,63,6.48
63,55,6.48
55,64,10.21
64,55,10.21
55,65,9.97
65,55,9.97
55,66,9.25
66,55,9.25
55,67,11.38
67,55,11.38
55,68,11.29
68,55,11.29
55,69,13.11
69,55,13.11
55,70,16.70
70,55,16.70
55,71,15.22
71,55,15.22
55,72,21.57
72,55,21.57
55,73,21.89
73,55,21.89
55,74,30.67
74,55,30.67
55,75,24.10
75,55,24.10
55,76,27.29
76,55,27.29
55,77,32.95
77,55,32.95
55,78,21.32
78,55,21.32
55,79,21.62
79,55,21.62
55,80,17.11
80,55,17.11
55,81,21.39
81,55,21.39
56,57,2.76
57,56,2.76
56,58,3.87
58,56,3.87
56,59,2.99
59,56,2.99
56,60,18.81
60,56,18.81
56,61,13.85
61,56,13.85
56,62,7.21
62,56,7.21
56,63,9.08
63,56,9.08
56,64,9.47
64,56,9.47
56,65,9.06
65,56,9.06
56,66,10.54
66,56,10.54
56,67,12.67
67,56,12.67
56,68,13.16
68,56,13.16
56,69,14.97
69,56,14.97
56,70,17.51
70,56,17.51
56,71,16.51
71,56,16.51
56,72,22.25
72,56,22.25
56,73,22.57
73,56,22.57
56,74,31.36
74,56,31.36
56,75,25.12
75,56,25.12
56,76,28.57
76,56,28.57
56,77,34.82
77,56,34.82
56,78,22.61
78,56,22.61
56,79,22.94
79,56,22.94
56,80,18.43
80,56,18.43
56,81,22.71
81,56,22.71
57,58,0.25
58,57,0.25
57,59,2.75
59,57,2.75
57,60,14.99
60,57,14.99
57,61,11.80
61,57,11.80
57,62,4.23
62,57,4.23
57,63,7.34
63,57,7.34
57,64,5.87
64,57,5.87
57,65,6.11
65,57,6.11
57,66,13.36
66,57,13.36
57,67,15.49
67,57,15.49
57,68,15.30
68,57,15.30
57,69,15.84
69,57,15.84
57,70,18.79
70,57,18.79
57,71,18.65
71,57,18.65
57,72,25.40
72,57,25.40
57,73,25.72
73,57,25.72
57,74,34.51
74,57,34.51
57,75,27.94
75,57,27.94
57,76,31.39
76,57,31.39
57,77,35.19
77,57,35.19
57,78,22.99
78,57,22.99
57,79,23.31
79,57,23.31
57,80,18.75
80,57,18.75
57,81,23.09
81,57,23.09
58,59,2.81
59,58,2.81
58,60,15.06
60,58,15.06
58,61,11.86
61,58,11.86
58,62,4.29
62,58,4.29
58,63,7.40
63,58,7.40
58,64,5.93
64,58,5.93
58,65,6.17
65,58,6.17
58,66,13.42
66,58,13.42
58,67,15.56
67,58,15.56
58,68,15.36
68,58,15.36
58,69,15.90
69,58,15.90
58,70,18.86
70,58,18.86
58,71,18.71
71,58,18.71
58,72,25.47
72,58,25.47
58,73,25.78
73,58,25.78
58,74,34.57
74,58,34.57
58,75,28.00
75,58,28.00
58,76,31.46
76,58,31.46
58,77,35.25
77,58,35.25
58,78,23.05
78,58,23.05
58,79,23.38
79,58,23.38
58,80,18.81
80,58,18.81
58,81,23.15
81,58,23.15
59,60,15.37
60,59,15.37
59,61,12.16
61,59,12.16
59,62,4.62
62,59,4.62
59,63,7.39
63,59,7.39
59,64,6.24
64,59,6.24
59,65,6.47
65,59,6.47
59,66,10.96
66,59,10.96
59,67,13.10
67,59,13.10
59,68,13.58
68,59,13.58
59,69,14.12
69,59,14.12
59,70,17.83
70,59,17.83
59,71,16.93
71,59,16.93
59,72,23.01
72,59,23.01
59,73,23.33
73,59,23.33
59,74,32.11
74,59,32.11
59,75,25.54
75,59,25.54
59,76,29.00
76,59,29.00
59,77,33.97
77,59,33.97
59,78,21.76
78,59,21.76
59,79,22.09
79,59,22.09
59,80,17.52
80,59,17.52
59,81,21.86
81,59,21.86
60,61,11.19
61,60,11.19
60,62,17.63
62,60,17.63
60,63,24.61
63,60,24.61
60,64,16.69
64,60,16.69
60,65,17.89
65,60,17.89
60,66,30.13
66,60,30.13
60,67,33.57
67,60,33.57
60,68,33.45
68,60,33.45
60,69,33.22
69,60,33.22
60,70,21.91
70,60,21.91
60,71,35.29
71,60,35.29
60,72,39.37
72,60,39.37
60,73,41.72
73,60,41.72
60,74,48.03
74,60,48.03
60,75,41.97
75,60,41.97
60,76,44.48
76,60,44.48
60,77,33.01
77,60,33.01
60,78,28.02
78,60,28.02
60,79,28.59
79,60,28.59
60,80,27.94
80,60,27.94
60,81,29.10
81,60,29.10
61,62,11.70
62,61,11.70
61,63,6.31
63,61,6.31
61,64,6.80
64,61,6.80
61,65,4.81
65,61,4.81
61,66,13.48
66,61,13.48
61,67,15.60
67,61,15.60
61,68,15.19
68,61,15.19
61,69,12.36
69,61,12.36
61,70,7.92
70,61,7.92
61,71,17.53
71,61,17.53
61,72,29.68
72,61,29.68
61,73,30.00
73,61,30.00
61,74,45.57
74,61,45.57
61,75,39.03
75,61,39.03
61,76,34.10
76,61,34.10
61,77,18.59
77,61,18.59
61,78,15.61
78,61,15.61
61,79,12.26
79,61,12.26
61,80,12.81
80,61,12.81
61,81,13.20
81,61,13.20
62,63,2.19
63,62,2.19
62,64,2.81
64,62,2.81
62,65,3.39
65,62,3.39
62,66,10.26
66,62,10.26
62,67,11.48
67,62,11.48
62,68,11.06
68,62,11.06
62,69,13.35
69,62,13.35
62,70,14.40
70,62,14.40
62,71,15.31
71,62,15.31
62,72,22.30
72,62,22.30
62,73,22.62
73,62,22.62
62,74,31.41
74,62,31.41
62,75,24.77
75,62,24.77
62,76,28.89
76,62,28.89
62,77,23.34
77,62,23.34
62,78,18.80
78,62,18.80
62,79,19.37
79,62,19.37
62,80,18.72
80,62,18.72
62,81,19.87
81,62,19.87
63,64,4.09
64,63,4.09
63,65,2.81
65,63,2.81
63,66,9.52
66,63,9.52
63,67,10.74
67,63,10.74
63,68,10.32
68,63,10.32
63,69,12.61
69,63,12.61
63,70,12.59
70,63,12.59
63,71,14.57
71,63,14.57
63,72,21.56
72,63,21.56
63,73,21.88
73,63,21.88
63,74,30.67
74,63,30.67
63,75,24.03
75,63,24.03
63,76,28.15
76,63,28.15
63,77,22.60
77,63,22.60
63,78,18.51
78,63,18.51
63,79,18.63
79,63,18.63
63,80,18.42
80,63,18.42
63,81,19.58
81,63,19.58
64,65,2.58
65,64,2.58
64,66,12.34
66,64,12.34
64,67,13.55
67,64,13.55
64,68,13.14
68,64,13.14
64,69,15.50
69,64,15.50
64,70,14.39
70,64,14.39
64,71,17.39
71,64,17.39
64,72,24.38
72,64,24.38
64,73,24.70
73,64,24.70
64,74,33.49
74,64,33.49
64,75,27.12
75,64,27.12
64,76,36.97
76,64,36.97
64,77,25.49
77,64,25.49
64,78,20.50
78,64,20.50
64,79,21.07
79,64,21.07
64,80,20.42
80,64,20.42
64,81,21.58
81,64,21.58
65,66,11.61
66,65,11.61
65,67,12.83
67,65,12.83
65,68,12.42
68,65,12.42
65,69,14.49
69,65,14.49
65,70,13.39
70,65,13.39
65,71,16.66
71,65,16.66
65,72,23.66
72,65,23.66
65,73,23.98
73,65,23.98
65,74,32.76
74,65,32.76
65,75,26.12
75,65,26.12
65,76,35.96
76,65,35.96
65,77,24.49
77,65,24.49
65,78,19.50
78,65,19.50
65,79,20.07
79,65,20.07
65,80,19.42
80,65,19.42
65,81,20.58
81,65,20.58
66,67,3.39
67,66,3.39
66,68,4.81
68,66,4.81
66,69,4.98
69,66,4.98
66,70,9.47
70,66,9.47
66,71,6.52
71,66,6.52
66,72,18.21
72,66,18.21
66,73,16.75
73,66,16.75
66,74,25.53
74,66,25.53
66,75,20.98
75,66,20.98
66,76,30.05
76,66,30.05
66,77,16.74
77,66,16.74
66,78,12.59
78,66,12.59
66,79,10.09
79,66,10.09
66,80,9.43
80,66,9.43
66,81,10.47
81,66,10.47
67,68,3.75
68,67,3.75
67,69,3.92
69,67,3.92
67,70,11.57
70,67,11.57
67,71,3.65
71,67,3.65
67,72,17.17
72,67,17.17
67,73,17.48
73,67,17.48
67,74,26.62
74,67,26.62
67,75,19.93
75,67,19.93
67,76,29.01
76,67,29.01
67,77,12.50
77,67,12.50
67,78,8.34
78,67,8.34
67,79,9.02
79,67,9.02
67,80,8.37
80,67,8.37
67,81,9.41
81,67,9.41
68,69,2.49
69,68,2.49
68,70,6.18
70,68,6.18
68,71,2.79
71,68,2.79
68,72,18.01
72,68,18.01
68,73,18.30
73,68,18.30
68,74,27.47
74,68,27.47
68,75,21.53
75,68,21.53
68,76,30.26
76,68,30.26
68,77,11.82
77,68,11.82
68,78,7.27
78,68,7.27
68,79,7.84
79,68,7.84
68,80,7.19
80,68,7.19
68,81,8.35
81,68,8.35
69,70,7.81
70,69,7.81
69,71,3.01
71,69,3.01
69,72,16.95
72,69,16.95
69,73,17.27
73,69,17.27
69,74,26.33
74,69,26.33
69,75,21.13
75,69,21.13
69,76,26.76
76,69,26.76
69,77,11.95
77,69,11.95
69,78,5.83
78,69,5.83
69,79,6.39
79,69,6.39
69,80,5.74
80,69,5.74
69,81,6.90
81,69,6.90
70,71,8.01
71,70,8.01
70,72,22.04
72,70,22.04
70,73,22.36
73,70,22.36
70,74,31.50
74,70,31.50
70,75,34.77
75,70,34.77
70,76,30.43
76,70,30.43
70,77,13.77
77,70,13.77
70,78,7.95
78,70,7.95
70,79,6.44
79,70,6.44
70,80,5.95
80,70,5.95
70,81,9.03
81,70,9.03
71,72,13.80
72,71,13.80
71,73,14.12
73,71,14.12
71,74,23.25
74,71,23.25
71,75,16.56
75,71,16.56
71,76,25.64
76,71,25.64
71,77,9.03
77,71,9.03
71,78,6.07
78,71,6.07
71,79,6.50
79,71,6.50
71,80,6.03
80,71,6.03
71,81,6.38
81,71,6.38
72,73,0.86
73,72,0.86
72,74,8.58
74,72,8.58
72,75,2.54
75,72,2.54
72,76,5.99
76,72,5.99
72,77,15.95
77,72,15.95
72,78,16.97
78,72,16.97
72,79,18.69
79,72,18.69
72,80,18.57
80,72,18.57
72,81,18.05
81,72,18.05
73,74,9.12
74,73,9.12
73,75,3.25
75,73,3.25
73,76,7.49
76,73,7.49
73,77,16.81
77,73,16.81
73,78,16.96
78,73,16.96
73,79,18.68
79,73,18.68
73,80,18.55
80,73,18.55
73,81,18.03
81,73,18.03
74,75,9.64
75,74,9.64
74,76,7.28
76,74,7.28
74,77,20.18
77,74,20.18
74,78,28.25
78,74,28.25
74,79,29.97
79,74,29.97
74,80,29.85
80,74,29.85
74,81,29.32
81,74,29.32
75,76,4.24
76,75,4.24
75,77,15.59
77,75,15.59
75,78,19.00
78,75,19.00
75,79,20.72
79,75,20.72
75,80,20.60
80,75,20.60
75,81,20.08
81,75,20.08
76,77,14.17
77,76,14.17
76,78,22.24
78,76,22.24
76,79,23.97
79,76,23.97
76,80,23.84
80,76,23.84
76,81,23.32
81,76,23.32
77,78,9.41
78,77,9.41
77,79,8.52
79,77,8.52
77,80,8.29
80,77,8.29
77,81,7.08
81,77,7.08
78,79,5.48
79,78,5.48
78,80,2.29
80,78,2.29
78,81,1.08
81,78,1.08
79,80,0.95
80,79,0.95
79,81,1.54
81,79,1.54
80,81,1.60
81,80,1.60
